-- phpMyAdmin SQL Dump
-- version 2.8.2.4
-- http://www.phpmyadmin.net
-- 
-- Хост: localhost
-- Время создания: Июн 19 2007 г., 14:13
-- Версия сервера: 4.0.26
-- Версия PHP: 4.4.0
-- 
-- БД: `test`
-- 

-- --------------------------------------------------------

-- 
-- Структура таблицы `advid`
-- 

CREATE TABLE `advid` (
  `id` int(11) NOT NULL auto_increment,
  `vid` varchar(25) NOT NULL default '',
  PRIMARY KEY  (`id`)
) TYPE=MyISAM COMMENT='Виды АД' AUTO_INCREMENT=4 ;

-- 
-- Дамп данных таблицы `advid`
-- 

INSERT INTO `advid` (`id`, `vid`) VALUES (1, 'Нормальное'),
(2, 'Повышенное'),
(3, 'Пониженное');

-- --------------------------------------------------------

-- 
-- Структура таблицы `allergmc`
-- 

CREATE TABLE `allergmc` (
  `id` int(11) NOT NULL auto_increment,
  `MedCardID` int(11) NOT NULL default '0',
  `AllVidID` int(11) NOT NULL default '0',
  `AllProyavID` int(11) NOT NULL default '0',
  PRIMARY KEY  (`id`)
) TYPE=MyISAM COMMENT='Аллергические реакции в МК' AUTO_INCREMENT=39 ;

-- 
-- Дамп данных таблицы `allergmc`
-- 

INSERT INTO `allergmc` (`id`, `MedCardID`, `AllVidID`, `AllProyavID`) VALUES (23, 2, 1, 1),
(24, 7, 1, 1),
(18, 1, 1, 0),
(25, 8, 0, 0),
(26, 9, 0, 0),
(27, 10, 0, 0),
(28, 11, 0, 0),
(29, 12, 1, 1),
(30, 13, 0, 0),
(31, 13, 0, 0),
(32, 13, 1, 1),
(33, 16, 0, 0),
(34, 16, 0, 0),
(35, 16, 0, 0),
(36, 19, 0, 0),
(37, 20, 0, 0),
(38, 21, 0, 0);

-- --------------------------------------------------------

-- 
-- Структура таблицы `allproyav`
-- 

CREATE TABLE `allproyav` (
  `id` int(11) NOT NULL auto_increment,
  `proyav` varchar(20) NOT NULL default '',
  PRIMARY KEY  (`id`)
) TYPE=MyISAM COMMENT='Проявление аллергии' AUTO_INCREMENT=2 ;

-- 
-- Дамп данных таблицы `allproyav`
-- 

INSERT INTO `allproyav` (`id`, `proyav`) VALUES (1, 'крапивница');

-- --------------------------------------------------------

-- 
-- Структура таблицы `allvid`
-- 

CREATE TABLE `allvid` (
  `id` int(11) NOT NULL auto_increment,
  `vid` varchar(30) NOT NULL default '',
  PRIMARY KEY  (`id`)
) TYPE=MyISAM COMMENT='Виды аллергии' AUTO_INCREMENT=2 ;

-- 
-- Дамп данных таблицы `allvid`
-- 

INSERT INTO `allvid` (`id`, `vid`) VALUES (1, 'На новокаин');

-- --------------------------------------------------------

-- 
-- Структура таблицы `an`
-- 

CREATE TABLE `an` (
  `id` int(11) NOT NULL auto_increment,
  `an` varchar(90) NOT NULL default '0',
  PRIMARY KEY  (`id`)
) TYPE=MyISAM COMMENT='Анамнез' AUTO_INCREMENT=8 ;

-- 
-- Дамп данных таблицы `an`
-- 

INSERT INTO `an` (`id`, `an`) VALUES (1, 'Зуб ранее не лечен'),
(2, 'Зуб ранее лечен по поводу неосложнённого кариеса'),
(3, 'Зуб ранее лечен по поводу осложнённого кариеса'),
(4, 'Обратился с целью санации полости рта'),
(5, 'перед ортопедическим лечением'),
(6, 'перед ортодонтическим лечением'),
(7, 'Боли появились * назад');

-- --------------------------------------------------------

-- 
-- Структура таблицы `avans`
-- 

CREATE TABLE `avans` (
  `id` int(11) NOT NULL auto_increment,
  `pat` int(11) NOT NULL default '0',
  `avans` int(11) NOT NULL default '0',
  PRIMARY KEY  (`id`)
) TYPE=MyISAM COMMENT='Аввансы' AUTO_INCREMENT=7 ;

-- 
-- Дамп данных таблицы `avans`
-- 

INSERT INTO `avans` (`id`, `pat`, `avans`) VALUES (5, 7, 15000),
(6, 1, 2000);

-- --------------------------------------------------------

-- 
-- Структура таблицы `catds`
-- 

CREATE TABLE `catds` (
  `id` int(11) NOT NULL auto_increment,
  `Nazv` varchar(50) NOT NULL default '',
  `upID` int(11) NOT NULL default '0',
  `KlassID` int(11) NOT NULL default '0',
  PRIMARY KEY  (`id`),
  KEY `upID` (`upID`)
) TYPE=MyISAM COMMENT='Категории дигнозов' AUTO_INCREMENT=1 ;

-- 
-- Дамп данных таблицы `catds`
-- 


-- --------------------------------------------------------

-- 
-- Структура таблицы `daypr`
-- 

CREATE TABLE `daypr` (
  `id` int(11) NOT NULL auto_increment,
  `date` date NOT NULL default '0000-00-00',
  `vih` int(11) NOT NULL default '0',
  `rabmestoID` int(11) NOT NULL default '0',
  `Nach` time NOT NULL default '00:00:00',
  `Okonch` time NOT NULL default '00:00:00',
  `TimePat` int(11) NOT NULL default '0',
  `vrachID` int(11) NOT NULL default '0',
  PRIMARY KEY  (`id`)
) TYPE=MyISAM COMMENT='День приёма' AUTO_INCREMENT=48 ;

-- 
-- Дамп данных таблицы `daypr`
-- 

INSERT INTO `daypr` (`id`, `date`, `vih`, `rabmestoID`, `Nach`, `Okonch`, `TimePat`, `vrachID`) VALUES (1, '2007-02-26', 0, 3, '08:00:00', '14:00:00', 30, 1),
(2, '2007-02-28', 0, 0, '12:00:00', '14:00:00', 30, 1),
(3, '2007-03-02', 0, 0, '14:00:00', '20:00:00', 30, 1),
(4, '2007-03-06', 0, 3, '12:00:00', '14:00:00', 30, 1),
(5, '2007-03-07', 0, 3, '12:00:00', '14:00:00', 30, 1),
(6, '2007-03-07', 0, 3, '12:00:00', '14:00:00', 30, 1),
(7, '2007-03-12', 0, 2, '08:00:00', '12:00:00', 30, 1),
(8, '2007-03-12', 0, 2, '08:00:00', '12:00:00', 30, 1),
(9, '2007-03-13', 0, 0, '08:00:00', '12:00:00', 30, 1),
(10, '2007-03-14', 0, 0, '12:00:00', '14:00:00', 30, 1),
(11, '2007-03-15', 0, 0, '12:00:00', '14:00:00', 30, 1),
(12, '2007-03-19', 0, 2, '08:00:00', '12:00:00', 30, 1),
(13, '2007-03-20', 0, 0, '08:00:00', '12:00:00', 30, 1),
(14, '2007-03-21', 0, 0, '12:00:00', '14:00:00', 30, 1),
(15, '2007-03-22', 0, 1, '14:00:00', '20:00:00', 30, 1),
(16, '2007-03-25', 0, 3, '08:00:00', '14:00:00', 30, 1),
(17, '2007-03-26', 0, 0, '08:00:00', '14:00:00', 30, 1),
(18, '2007-03-27', 0, 3, '12:00:00', '14:00:00', 30, 1),
(19, '2007-03-28', 0, 0, '12:00:00', '14:00:00', 30, 1),
(20, '2007-03-28', 0, 0, '12:00:00', '14:00:00', 30, 1),
(21, '2007-03-30', 0, 1, '14:00:00', '20:00:00', 30, 1),
(22, '2007-04-02', 0, 3, '08:00:00', '14:00:00', 30, 1),
(23, '2007-04-04', 0, 3, '12:00:00', '14:00:00', 30, 1),
(24, '2007-04-03', 0, 2, '08:00:00', '12:00:00', 30, 1),
(25, '2007-04-11', 0, 3, '12:00:00', '14:00:00', 30, 1),
(26, '2007-04-16', 0, 3, '08:00:00', '14:00:00', 30, 1),
(27, '2007-04-18', 0, 3, '12:00:00', '14:00:00', 30, 1),
(28, '2007-04-19', 0, 3, '12:00:00', '14:00:00', 30, 1),
(29, '2007-04-26', 0, 3, '12:00:00', '14:00:00', 30, 1),
(30, '2007-05-14', 0, 3, '08:00:00', '14:00:00', 30, 1),
(31, '2007-05-16', 0, 3, '12:00:00', '14:00:00', 30, 1),
(32, '2007-05-30', 0, 3, '12:00:00', '14:00:00', 30, 1),
(33, '2007-05-31', 0, 3, '12:00:00', '14:00:00', 30, 1),
(34, '2007-06-04', 0, 3, '08:00:00', '14:00:00', 30, 1),
(35, '2007-06-05', 0, 2, '08:00:00', '12:00:00', 30, 1),
(36, '2007-06-05', 0, 1, '14:00:00', '20:00:00', 30, 5),
(37, '2007-06-06', 0, 1, '08:00:00', '14:00:00', 30, 5),
(38, '2007-06-05', 0, 1, '08:00:00', '14:00:00', 30, 7),
(39, '2007-06-06', 0, 1, '14:00:00', '20:00:00', 30, 7),
(40, '2007-06-07', 0, 1, '08:00:00', '14:00:00', 30, 7),
(41, '2007-06-08', 0, 1, '08:00:00', '14:00:00', 30, 7),
(42, '2007-06-11', 0, 1, '14:00:00', '20:00:00', 30, 7),
(43, '2007-06-08', 0, 1, '14:00:00', '20:00:00', 30, 1),
(44, '2007-06-04', 0, 1, '14:00:00', '20:00:00', 30, 7),
(45, '2007-06-06', 0, 0, '14:00:00', '20:00:00', 30, 2),
(46, '2007-06-11', 0, 0, '14:00:00', '20:00:00', 30, 2),
(47, '2007-06-18', 0, 3, '08:00:00', '14:00:00', 30, 1);

-- --------------------------------------------------------

-- 
-- Структура таблицы `dnev`
-- 

CREATE TABLE `dnev` (
  `id` int(11) NOT NULL auto_increment,
  `vrach` int(11) NOT NULL default '0',
  `pat` int(11) NOT NULL default '0',
  `date` date NOT NULL default '0000-00-00',
  `osm` int(11) NOT NULL default '0',
  `ds` mediumtext NOT NULL,
  `zh` mediumtext NOT NULL,
  `an` mediumtext NOT NULL,
  `obk` mediumtext NOT NULL,
  `lech` text NOT NULL,
  `resl` int(11) NOT NULL default '0',
  `summ` int(11) NOT NULL default '0',
  `summ_k_opl` int(11) NOT NULL default '0',
  `summ_vnes` int(11) NOT NULL default '0',
  PRIMARY KEY  (`id`)
) TYPE=MyISAM COMMENT='Приём врача' AUTO_INCREMENT=112 ;

-- 
-- Дамп данных таблицы `dnev`
-- 

INSERT INTO `dnev` (`id`, `vrach`, `pat`, `date`, `osm`, `ds`, `zh`, `an`, `obk`, `lech`, `resl`, `summ`, `summ_k_opl`, `summ_vnes`) VALUES (79, 1, 1, '2007-03-28', 10, '11-й зуб, Кариес, I класс по Блэку/n', '11 наличие кариозной полости /n', '11 Зуб ранее лечен по поводу неосложнённого кариеса /n', '11 глубокая кариозная полость На вестибулярной поверхности /n', '11 анестезия препарирование кариозной полости пломба Шлифовка полировка пломбы /n', 0, 720, 720, 720),
(78, 1, 11, '2007-03-27', 15, '18-й зуб, Кариес, I класс по Блэку/n', '18 боль /n', '18 Зуб ранее не лечен Обратился с целью санации полости рта перед ортодонтическим лечением /n', '18 На вестибулярной поверхности глубокая кариозная полость /n', '18 анестезия препарирование кариозной полости пломба Шлифовка полировка пломбы /n', 0, 880, 880, 880),
(77, 1, 0, '2007-03-27', 0, '', '', '', '', '', 0, 0, 0, 0),
(76, 1, 10, '2007-03-27', 12, '12-й зуб, Кариес, I класс по Блэку/n', '12 Боль от механичесеих химических /n', '12 Зуб ранее не лечен /n', '12 На вестибулярной поверхности глубокая кариозная полость /n', '12 анестезия препарирование кариозной полости пломба /n', 0, 760, 760, 500),
(81, 1, 1, '2007-04-02', 10, '14-й зуб, Кариес, III класс по Блэку/n', '14 /n', '14 /n', '14 /n', '14 анестезия препарирование кариозной полости пломба /n', 0, 660, 594, 594),
(82, 1, 9, '2007-04-03', 7, '15-й зуб, Кариес, I класс по Блэку<br />', '15 нет <br />', '15 Зуб ранее не лечен <br />', '15 На вестибулярной поверхности глубокая кариозная полость. Реакция на холод слабоболезненная, быстропроходящая. Дно плотное светлое, полость зуба не вскрыта. Перкусия безболезненная, слизистая без особенностей.<br />', '15 анестезия, препарирование кариозной полости, пломба, Шлифовка полировка пломбы.<br />', 0, 720, 648, 0),
(86, 1, 6, '2007-04-11', 11, '11-й зуб, Кариес, I класс по Блэку<br />', '11 <br />', '11 <br />', '11 <br />', '11 анестезия инъекционная Septenest 1:200 000, 1,7 мл пломба FILTEK Z250  <br />', 0, 1520, 1520, 0),
(85, 1, 9, '2007-04-04', 7, '11-й зуб, К02.0 Кариес эмали.Стадия меловидного пятна (начальный кариес).<br />', '11 <br />', '11 <br />', '11 <br />', '11 анестезия пломба Шлифовка полировка пломбы <br />', 0, 660, 594, 0),
(87, 1, 5, '2007-04-11', 8, '11-й зуб, Кариес, IV класс по Блэку<br />', '11 <br />', '11 <br />', '11 <br />', '11 пломба FILTEK Z250 анестезия инъекционная Septenest 1:200 000, 1,7 мл пломба FILTEK Z250  <br />', 0, 2220, 2220, 2220),
(88, 1, 9, '2007-04-11', 7, '11-й зуб, Кариес, II класс по Блэку<br />', '11 <br />', '11 <br />', '11 <br />', '11 пломба FILTEK Z250 анестезия инъекционная Septenest 1:200 000, 1,7 мл пломба FILTEK Z250  <br />', 0, 3040, 2736, 0),
(89, 1, 9, '2007-04-16', 7, '21-й зуб, Кариес, I класс по Блэку<br />', '21 боль <br />', '21 Зуб ранее не лечен <br />', '21 На вестибулярной поверхности глубокая кариозная полость <br />', '21 анестезия инъекционная Septenest 1:200 000, 1,7 мл пломба FILTEK Z250  <br />', 0, 1520, 1368, 1368),
(90, 1, 9, '2007-04-16', 7, '21-й зуб, Кариес, I класс по Блэку<br />', '21 боль <br />', '21 Зуб ранее не лечен <br />', '21 На вестибулярной поверхности глубокая кариозная полость <br />', '21 анестезия инъекционная Septenest 1:200 000, 1,7 мл пломба FILTEK Z250  <br />', 0, 1520, 1368, 1368),
(91, 1, 9, '2007-04-16', 7, '21-й зуб, Кариес, I класс по Блэку<br />', '21 боль <br />', '21 Зуб ранее не лечен <br />', '21 На вестибулярной поверхности глубокая кариозная полость <br />', '21 анестезия инъекционная Septenest 1:200 000, 1,7 мл пломба FILTEK Z250  <br />', 0, 1520, 1368, 1368),
(92, 1, 1, '2007-04-16', 10, '11-й зуб, Кариес, I класс по Блэку<br />', '11 <br />', '11 <br />', '11 <br />', '11 пломба FILTEK Z250 пломба FILTEK Z250  <br />', 0, 2800, 2520, 2520),
(93, 1, 8, '2007-04-16', 6, '11-й зуб, Кариес, I класс по Блэку<br />', '11 <br />', '11 <br />', '11 <br />', '11 пломба FILTEK Z250 анестезия инъекционная Septenest 1:200 000, 1,7 мл  <br />', 0, 1320, 1320, 0),
(94, 1, 8, '2007-04-16', 6, '11-й зуб, Кариес, I класс по Блэку<br />', '11 <br />', '11 <br />', '11 <br />', '11 пломба FILTEK Z250 анестезия инъекционная Septenest 1:200 000, 1,7 мл  <br />', 0, 1320, 1320, 0),
(95, 1, 6, '2007-04-16', 11, '11-й зуб, Кариес, I класс по Блэку<br />', '11 <br />', '11 <br />', '11 <br />', '11  <br />', 0, 500, 500, 500),
(96, 1, 10, '2007-04-16', 12, '11-й зуб, Кариес, I класс по Блэку<br />', '11 <br />', '11 <br />', '11 <br />', '11  <br />', 0, 500, 500, 0),
(97, 1, 9, '2007-05-14', 7, '-й зуб, <br />', ' на приступообразную боль продолжительностью несколько минут с длительными межболевыми промежутками <br />', ' Зуб ранее не лечен Боли появились 5 дней назад <br />', ' На вестибулярной поверхности глубокая кариозная полость, полость зуба вскрыта. Зондирование дна болезненное в одной точке, реакция на холодное резко болезненная, длительная. Перкуссия безболезненная.<br />', ' анестезия инъекционная Septenest 1:200 000, 1,7 мл пломба FILTEK Z250  <br />', 0, 1520, 1368, 0),
(98, 1, 9, '2007-05-16', 7, '-й зуб, <br />', ' <br />', ' <br />', ' На вестибулярной поверхности глубокая кариозная полость, полость зуба вскрыта. Зондирование дна болезненное в одной точке, реакция на холодное резко болезненная, длительная. Перкуссия безболезненная.<br />', ' анестезия инъекционная Septenest 1:200 000, 1,7 мл пломба FILTEK Z250 <br />', 0, 820, 738, 0),
(99, 1, 0, '2007-05-16', 0, '', '', '', '', 'анестезия инъекционная Septenest 1:200 000, 1,7 мл пломба FILTEK Z250 ', 0, 0, 0, 0),
(100, 1, 9, '2007-05-30', 7, '-й зуб, <br />', ' <br />', ' <br />', ' На медиальной поверхности, глубокая кариозная полость, выполненная остатками пломбировочного материала. Зондирование ээмалево-дентинной границы болезненое. Реакция на болезненая, быстро проходящая. Перкуссия безболезненная.<br />', '  повязка инструментальная и медикаментозная обработка корневого канала Временная обтурация с использованием Каласепт распломбирование корневого канала, запломбированного резорцин-формалиновая пастой  <br />', 0, 700, 630, 0),
(101, 1, 9, '2007-05-31', 7, '-й зуб, <br />', ' на приступообразную боль с непродолжительными межболевыми промежутками <br />', ' Зуб ранее лечен по поводу неосложнённого кариеса Боли появились 5 дней назад <br />', ' На медиально-жевательной поверхности пломба, полость зуба не вскрыта. Зондирование болезненное по всему дну, реакция на холодное резко болезненная, длительная. Перкуссия безболезненная.<br />', ' Анестезия  Septenest 1:100 000 инструментальная и медикаментозная обработка корневого канала  <br />', 0, 700, 630, 0),
(102, 1, 1, '2007-05-31', 10, '-й зуб, <br />', ' <br />', ' <br />', ' На вестибулярной поверхности  глубокая кариозная полость,  полость зуба вскрыта.  Зондирование пульпы болезненно; реакция на холод болезненная, длительно не  проходящая; перкуссия безболезненная<br />', '  <br />', 0, 50, 45, 0),
(103, 1, 0, '2007-05-31', 0, '', '', '', '', ' ', 0, 0, 0, 0),
(104, 1, 12, '2007-06-04', 18, '-й зуб, <br />', ' на быстропроходящую боль от температурных раздражителей <br />', ' Зуб ранее не лечен <br />', ' На вестибулярной поверхности, кариозная полость средней глубины Зондирование эмалево-дентинной границы болезненое. Реакция на холод болезненая, быстро проходящая. Перкуссия безболезненная.<br />', ' Анестезия  Septenest 1:100 000  препарирование кариозной  полости Наложение изолирующей прокладки из СИЦ пломба Filtek Z250 полировка, шлифовка пломбы  <br />', 0, 1390, 1390, 1390),
(105, 1, 9, '2007-06-04', 7, '-й зуб, <br />', ' <br />', ' <br />', ' На медиальной поверхности, кариозная полость средней глубины Зондирование эмалево-дентинной границы болезненое. Реакция на холод безболезненая. Перкуссия безболезненная.<br />', '     <br />', 0, 430, 387, 387),
(106, 1, 11, '2007-06-04', 13, '-й зуб, <br />', ' <br />', ' <br />', ' На вестибулярной поверхности глубокая кариозная полость, полость зуба вскрыта. Зондирование дна болезненное в одной точке, реакция на холодное резко болезненная, длительная. Перкуссия безболезненная.<br />', '   инструментальная и медикаментозная обработка корневого канала  <br />', 0, 530, 480, 480),
(107, 1, 8, '2007-06-05', 6, '-й зуб, <br />', ' <br />', ' <br />', ' На вестибулярной повехности, глубокая кариозная полость. Полость зуба не вскрыта, зондирование болезненое по всему дну. Реакция на холод  болезненая, быстро проходящая. Перкуссия безболезненная.<br />', '   препарирование кариозной  полости пломба Filtek Z250 полировка, шлифовка пломбы <br />', 0, 1150, 1150, 0),
(108, 1, 8, '2007-06-05', 6, '-й зуб, <br />', ' <<br />', ' <<br />', ' Н<br />', '   препарирование кариозной  полости пломба Filtek Z250 полировка, шлифовка пломбы <br />', 0, 0, 0, 0),
(109, 1, 8, '2007-06-05', 6, '-й зуб, <br />', ' <<br />', ' <<br />', ' Н<br />', '  <br />', 0, 0, 0, 0),
(110, 1, 15, '2007-06-04', 20, '15-й зуб, Хронический гранулирующий периодонтит<br />47-й зуб, Хронический гранулирующий периодонтит<br />', '47 Жалоб нет <br />', '47 Зуб ранее не лечен <br />', '47 Временная пломба сохранена, перкуссия безболезненна. На рентгенограмме у апекса в очаге деструкции отмечается появление костных балок.<br />', '47 инструментальная и медикаментозная обработка корневого канала Временная обтурация с использованием Каласепт повязка <br />', 0, 1460, 1310, 1310),
(111, 1, 14, '2007-06-04', 21, '46-й зуб, Средний кариес<br />', '46 Жалоб нет <br />', '46 Зуб ранее не лечен <br />', '46 На медиально-жевательной поверхности, кариозная полость средней глубины Зондирование эмалево-дентинной границы болезненое. Реакция на холод болезненая, быстро проходящая. Перкуссия безболезненная.<br />', '46 анестезия Septenest 1:200 000 препарирование кариозной  полости пломба Filtek Z250 полировка, шлифовка пломбы <br />', 0, 1270, 1270, 1270);

-- --------------------------------------------------------

-- 
-- Структура таблицы `dogovor`
-- 

CREATE TABLE `dogovor` (
  `id` int(11) NOT NULL auto_increment,
  `firm` int(11) NOT NULL default '0',
  `pat` int(11) NOT NULL default '0',
  PRIMARY KEY  (`id`)
) TYPE=MyISAM COMMENT='Договора по безналу' AUTO_INCREMENT=8 ;

-- 
-- Дамп данных таблицы `dogovor`
-- 

INSERT INTO `dogovor` (`id`, `firm`, `pat`) VALUES (1, 2, 1),
(3, 2, 0),
(4, 2, 0),
(5, 2, 0),
(6, 2, 0),
(7, 2, 0);

-- --------------------------------------------------------

-- 
-- Структура таблицы `dolzh`
-- 

CREATE TABLE `dolzh` (
  `id` int(11) NOT NULL auto_increment,
  `dolzh` varchar(60) NOT NULL default '',
  PRIMARY KEY  (`id`)
) TYPE=MyISAM COMMENT='Длжности' AUTO_INCREMENT=8 ;

-- 
-- Дамп данных таблицы `dolzh`
-- 

INSERT INTO `dolzh` (`id`, `dolzh`) VALUES (1, 'Врач стоматолог-терапевт'),
(2, 'Врач стоматолог-ортопед'),
(3, 'Врач стоматолог-ортодонт'),
(4, 'Администратор'),
(5, 'Ассистент врача стоматолога'),
(6, 'Санитар'),
(7, 'Бухгалтер');

-- --------------------------------------------------------

-- 
-- Структура таблицы `ds`
-- 

CREATE TABLE `ds` (
  `id` int(11) NOT NULL auto_increment,
  `Nazv` varchar(100) NOT NULL default '',
  `upID` int(11) NOT NULL default '0',
  `KlassID` int(11) NOT NULL default '0',
  `Cat` tinyint(1) NOT NULL default '0',
  PRIMARY KEY  (`id`),
  KEY `CatDsID` (`upID`)
) TYPE=MyISAM COMMENT='Диагнозы' AUTO_INCREMENT=88 ;

-- 
-- Дамп данных таблицы `ds`
-- 

INSERT INTO `ds` (`id`, `Nazv`, `upID`, `KlassID`, `Cat`) VALUES (26, 'Острый пульпит', 0, 3, 1),
(27, 'Хронический пульпит', 0, 3, 1),
(28, 'Острый частичный пульпит', 26, 3, 0),
(29, 'Острый общий пульпит', 26, 3, 0),
(31, 'Острый гнойный пульпит', 26, 3, 0),
(32, 'Хронический простой пульпит', 27, 3, 0),
(33, 'Хронический гипертрофический пульпит', 27, 3, 0),
(34, 'Хронический гангренозный пульпит', 27, 3, 0),
(35, 'Обострение хронического пульпита', 0, 3, 1),
(54, 'Начальный кариес', 0, 5, 0),
(55, 'Поверхностный кариес', 0, 5, 0),
(57, 'Средний кариес', 0, 5, 0),
(59, 'Глубокий кариес', 0, 5, 0),
(60, 'Вторичный кариес', 0, 5, 0),
(61, 'Острый периодонтит', 0, 6, 1),
(62, 'Хронический периодонтит', 0, 6, 1),
(63, 'Обострившийся хронический периодонтит', 0, 6, 1),
(64, 'Острый верхушечный периодонтит', 61, 6, 0),
(65, 'Острый маргинальный перодонтит', 61, 6, 0),
(66, 'Хронический фиброзный периодонтит', 62, 6, 0),
(67, 'Хронический гранулирующий периодонтит', 62, 6, 0),
(68, 'Хронический гранулематозный периодонтит', 62, 6, 0),
(69, 'Кистогранулёма', 62, 6, 0),
(70, 'Корневая киста', 62, 6, 0),
(71, 'Хронический обострившийся периодонтит', 63, 6, 0),
(72, 'Возникающие до прорезывния', 0, 7, 1),
(73, 'Возникающие после прорезывания', 0, 7, 1),
(80, 'Пигментация зубов и налёты', 73, 7, 0),
(75, 'Гипоплазия эмали', 72, 7, 0),
(76, 'Гиперплазия эмали', 72, 7, 0),
(77, 'Эндемический флюороз зубов', 72, 7, 0),
(78, 'Аномалии развития и прорезывания зубов, изменение их цвета', 72, 7, 0),
(79, 'Наследственные нарушения развития зубов', 72, 7, 0),
(81, 'Стирание твёрдых тканей', 73, 7, 0),
(82, 'Клиновидный дефект', 73, 7, 0),
(83, 'Эрозия зубов', 73, 7, 0),
(84, 'Некроз эмали', 73, 7, 0),
(85, 'Травма зуба', 73, 7, 0),
(86, 'Гипересетезия зубов', 73, 7, 0);

-- --------------------------------------------------------

-- 
-- Структура таблицы `ds_pr`
-- 

CREATE TABLE `ds_pr` (
  `id` int(11) NOT NULL auto_increment,
  `ds` int(11) NOT NULL default '0',
  `pr` int(11) NOT NULL default '0',
  `NZub` int(11) NOT NULL default '0',
  PRIMARY KEY  (`id`)
) TYPE=MyISAM COMMENT='Сответствия диагнозов' AUTO_INCREMENT=100 ;

-- 
-- Дамп данных таблицы `ds_pr`
-- 

INSERT INTO `ds_pr` (`id`, `ds`, `pr`, `NZub`) VALUES (66, 1, 75, 11),
(65, 1, 74, 11),
(64, 24, 73, 12),
(63, 22, 72, 11),
(62, 1, 71, 11),
(61, 1, 70, 47),
(67, 1, 76, 12),
(68, 1, 78, 18),
(69, 1, 79, 11),
(70, 1, 80, 46),
(71, 23, 81, 14),
(72, 1, 82, 15),
(73, 28, 84, 11),
(74, 53, 85, 11),
(75, 1, 86, 11),
(76, 24, 87, 11),
(77, 22, 88, 11),
(78, 1, 89, 21),
(79, 1, 89, 21),
(80, 1, 89, 21),
(81, 1, 92, 11),
(82, 1, 93, 11),
(83, 1, 93, 11),
(84, 1, 95, 11),
(85, 1, 96, 11),
(86, 8, 97, 0),
(87, 8, 98, 0),
(88, 0, 100, 0),
(89, 9, 101, 0),
(90, 2, 102, 0),
(91, 7, 104, 0),
(92, 7, 105, 0),
(93, 8, 106, 0),
(94, 9, 107, 0),
(95, 9, 108, 0),
(96, 9, 109, 0),
(97, 67, 110, 15),
(98, 67, 110, 47),
(99, 57, 111, 46);

-- --------------------------------------------------------

-- 
-- Структура таблицы `edizm`
-- 

CREATE TABLE `edizm` (
  `id` int(11) NOT NULL auto_increment,
  `abbr` varchar(5) NOT NULL default '',
  `naim` varchar(25) NOT NULL default '',
  PRIMARY KEY  (`id`)
) TYPE=MyISAM COMMENT='Едкницы измерения' AUTO_INCREMENT=6 ;

-- 
-- Дамп данных таблицы `edizm`
-- 

INSERT INTO `edizm` (`id`, `abbr`, `naim`) VALUES (1, 'шт', 'штуки'),
(2, 'гр', 'граммы'),
(4, 'мл', 'Миллилитры'),
(5, 'карп', 'Карпулы');

-- --------------------------------------------------------

-- 
-- Структура таблицы `firms`
-- 

CREATE TABLE `firms` (
  `id` int(11) NOT NULL auto_increment,
  `nazv` varchar(60) NOT NULL default '',
  `index` varchar(6) NOT NULL default '',
  `strana` varchar(20) NOT NULL default '',
  `region` varchar(20) NOT NULL default '',
  `gorod` varchar(20) NOT NULL default '',
  `adres` varchar(50) NOT NULL default '',
  `tel1` varchar(15) NOT NULL default '',
  `tel2` varchar(15) NOT NULL default '',
  `fax` varchar(15) NOT NULL default '',
  `eMail` varchar(15) NOT NULL default '',
  `www` varchar(15) NOT NULL default '',
  `OKUD` varchar(20) NOT NULL default '',
  `OKPO` varchar(20) NOT NULL default '',
  `INN` varchar(20) NOT NULL default '',
  `KPP` varchar(20) NOT NULL default '',
  `bank` varchar(60) NOT NULL default '',
  `R_sch` varchar(60) NOT NULL default '',
  `K_sch` varchar(60) NOT NULL default '',
  `BIK` varchar(20) NOT NULL default '',
  `sv` int(11) NOT NULL default '0',
  PRIMARY KEY  (`id`)
) TYPE=MyISAM COMMENT='Фирмы' AUTO_INCREMENT=3 ;

-- 
-- Дамп данных таблицы `firms`
-- 

INSERT INTO `firms` (`id`, `nazv`, `index`, `strana`, `region`, `gorod`, `adres`, `tel1`, `tel2`, `fax`, `eMail`, `www`, `OKUD`, `OKPO`, `INN`, `KPP`, `bank`, `R_sch`, `K_sch`, `BIK`, `sv`) VALUES (2, 'Гауди', '654007', 'Россия', 'Кемеровская область', 'Новокузнецк', '', '123456', '', '654321', '', '', '', '', '', '', '', '', '', '', 0);

-- --------------------------------------------------------

-- 
-- Структура таблицы `kassa`
-- 

CREATE TABLE `kassa` (
  `id` int(11) NOT NULL auto_increment,
  `sotr` int(11) NOT NULL default '0',
  `date` date NOT NULL default '0000-00-00',
  `timeN` time NOT NULL default '00:00:00',
  `timeO` time NOT NULL default '00:00:00',
  `summ` int(11) NOT NULL default '0',
  PRIMARY KEY  (`id`),
  KEY `dateN` (`date`)
) TYPE=MyISAM COMMENT='Касса' AUTO_INCREMENT=18 ;

-- 
-- Дамп данных таблицы `kassa`
-- 

INSERT INTO `kassa` (`id`, `sotr`, `date`, `timeN`, `timeO`, `summ`) VALUES (9, 8, '2007-03-28', '19:55:00', '00:20:00', 580),
(8, 1, '2007-03-27', '12:55:00', '20:04:00', 380),
(10, 1, '2007-03-30', '00:20:00', '17:41:00', 500),
(11, 8, '2007-04-04', '17:41:00', '19:06:00', 500),
(12, 8, '2007-04-16', '19:06:00', '09:52:00', 756),
(13, 11, '2007-06-01', '09:52:00', '10:55:00', 1256),
(14, 11, '2007-06-04', '10:55:00', '14:50:00', 4023),
(15, 12, '2007-06-04', '15:02:00', '20:00:00', 366),
(16, 12, '2007-06-05', '07:55:00', '09:02:00', 230),
(17, 11, '2007-06-06', '09:02:00', '18:35:00', 230);

-- --------------------------------------------------------

-- 
-- Структура таблицы `klass`
-- 

CREATE TABLE `klass` (
  `id` int(11) NOT NULL auto_increment,
  `Nazv` varchar(50) NOT NULL default '',
  `Razd` int(11) NOT NULL default '0',
  PRIMARY KEY  (`id`),
  KEY `Nazv` (`Nazv`)
) TYPE=MyISAM COMMENT='Названия классификаций' AUTO_INCREMENT=8 ;

-- 
-- Дамп данных таблицы `klass`
-- 

INSERT INTO `klass` (`id`, `Nazv`, `Razd`) VALUES (6, 'Классификация периодонтитов по Грошикову', 3),
(3, 'Клссаификация пульпитов по Гофунгу', 3),
(5, 'Топографическая классификация кариеса', 3),
(7, 'Классификация некариозных поражений по Патрикееву', 3);

-- --------------------------------------------------------

-- 
-- Структура таблицы `klinikpat`
-- 

CREATE TABLE `klinikpat` (
  `id` double NOT NULL auto_increment,
  `surname` varchar(20) NOT NULL default '',
  `name` varchar(15) NOT NULL default '',
  `otch` varchar(15) NOT NULL default '',
  `dr` date NOT NULL default '0000-00-00',
  `sex` varchar(5) NOT NULL default '',
  `adres` mediumtext NOT NULL,
  `MestRab` varchar(15) NOT NULL default '',
  `prof` varchar(15) NOT NULL default '',
  `email` varchar(15) NOT NULL default '',
  `DTel` varchar(15) NOT NULL default '',
  `RTel` varchar(15) NOT NULL default '',
  `MTel` varchar(15) NOT NULL default '',
  `FLech` varchar(15) NOT NULL default '',
  `Skidka` int(15) NOT NULL default '0',
  `Prim` mediumtext NOT NULL,
  PRIMARY KEY  (`id`),
  KEY `surname` (`surname`,`name`)
) TYPE=MyISAM COMMENT='Пациенты клиники' AUTO_INCREMENT=71 ;

-- 
-- Дамп данных таблицы `klinikpat`
-- 

INSERT INTO `klinikpat` (`id`, `surname`, `name`, `otch`, `dr`, `sex`, `adres`, `MestRab`, `prof`, `email`, `DTel`, `RTel`, `MTel`, `FLech`, `Skidka`, `Prim`) VALUES (1, 'Иванов', 'Иван', 'Иванович', '1981-03-01', 'Муж', '', '', '', '', '11111', '222222', '3333333', '', 1, ''),
(2, 'Сидоров', 'Фёдор', 'Николаевич', '1910-01-01', 'Муж', 'Г. Новокузнецк, ул кирова55 22', 'f', 'ulfl', '', '', '', '89039445525', 'nal', 0, ''),
(3, 'Корчемный', 'Владимир', 'Маркович', '1983-11-12', 'Жен', '', '', '', '', '728120', '454633', '89502645676', 'nal', 5, ''),
(5, 'Корчемная', 'Ольга', 'Сергеевна', '1983-10-11', 'Жен', '', '', '', '', '', '', '', 'strah', 0, ''),
(6, 'Иванов', 'Фёдор', 'Григорьевич', '0000-00-00', '', '', '', '', '', '75326', '452369', '452364', '', 0, ''),
(7, 'Черненко', 'Татьяна', 'Петровна', '0000-00-00', '', '', '', '', '', '353372', '', '', '', 0, ''),
(8, 'Сидоренко', 'Филипп', 'Педросович', '0000-00-00', '', '', '', '', '', '8-950-264-57-68', '', '', '', 0, ''),
(9, 'Костик', 'Ирина', 'Анатольевна', '1910-01-01', 'Жен', '', '', '', '', '123456', '', '', '', 1, ''),
(10, 'Петров', '', '', '0000-00-00', '', '', '', '', '', '123456', '', '', '', 0, ''),
(11, 'Сидоров', '', '', '1910-01-01', 'Жен', '', '', '', '', '1234568', '', '', '', 1, ''),
(12, 'Иванов', '', '', '0000-00-00', '', '', '', '', '', '', '', '', '', 0, ''),
(13, 'Кретов', 'Сергей', 'Михайлович', '0000-00-00', '', '', '', '', '', '713458', '778990', '89058602235', '', 0, ''),
(14, 'Буткеева', 'Елена', 'Ивановна', '0000-00-00', '', '', '', '', '', '', '767748', '', '', 0, ''),
(15, 'Белецкая', 'Нина', 'Михайловна', '1910-01-01', 'Жен', '', '', '', '', '744880', '725471', '89609139992', '', 3, ''),
(16, 'Трофимова', 'Елена', 'Агаповна', '1953-01-01', 'Муж', '', '', '', '', '', '46-31-31', '8-923-625-11-09', '', 0, ''),
(17, 'Москвитина', 'Людмила', 'Николаевна', '1961-01-01', 'Муж', 'ул Мира 12-90', '', '', '', '51-37-96', '', '8-906-924-48-88', 'nal', 0, ''),
(18, 'Медведева', 'Ирина', 'Викторовна', '1962-02-05', 'Жен', 'г.Новокузнецк, ул.Бардина, 22, кв.71', 'Новокузнецкий п', '', '', '744381', '462483', '89134133638', 'dog', 0, ''),
(37, 'Капралов', 'Владимир', 'Геннадьевич', '1958-01-01', 'Муж', 'г.Новокузнецк, ул.Тольятти, 53, кв.257', '', '', '', '466144', '794906', '', '', 0, ''),
(20, 'Капралов', '', '', '0000-00-00', '', '', '', '', '', '', '', '', '', 0, ''),
(21, 'Кольцов', '', '', '0000-00-00', '', '', '', '', '', '', '', '', '', 0, ''),
(22, 'Толстоусова', '', '', '0000-00-00', '', '', '', '', '', '', '', '', '', 0, ''),
(23, 'Селяев', '', '', '0000-00-00', '', '', '', '', '', '', '', '', '', 0, ''),
(24, 'Куртукова', '', '', '0000-00-00', '', '', '', '', '', '', '', '', '', 0, ''),
(25, 'Полячкина', '', '', '0000-00-00', '', '', '', '', '', '', '', '', '', 0, ''),
(26, 'Соловей', '', '', '0000-00-00', '', '', '', '', '', '', '', '', '', 0, ''),
(27, 'Спивак', '', '', '0000-00-00', '', '', '', '', '', '', '', '', '', 0, ''),
(28, 'Жилина', '', '', '0000-00-00', '', '', '', '', '', '', '', '', '', 0, ''),
(29, 'Грехов', '', '', '0000-00-00', '', '', '', '', '', '', '', '', '', 0, ''),
(30, 'Киселица', '', '', '0000-00-00', '', '', '', '', '', '', '', '', '', 0, ''),
(31, 'Бессонова', '', '', '0000-00-00', '', '', '', '', '', '', '', '', '', 0, ''),
(32, '', '', '', '0000-00-00', '', '', '', '', '', '', '', '', '', 0, ''),
(33, 'Кузнецова', '', '', '0000-00-00', '', '', '', '', '', '', '', '', '', 0, ''),
(34, 'Бабичев', '', '', '0000-00-00', '', '', '', '', '', '', '', '', '', 0, ''),
(35, 'Васильева', '', '', '0000-00-00', '', '', '', '', '', '', '', '', '', 0, ''),
(36, 'Вагнер', 'Екатерина', 'Николаевна', '2000-08-12', 'Жен', 'г.Новокузнецк, ул.Кирова, 58, кв.70', 'школа № 34', 'учащаяся', '', '772155', '', '89049688156', 'nal', 5, ''),
(38, 'Черников', '', '', '0000-00-00', '', '', '', '', '', '', '', '', '', 0, ''),
(39, 'Заводова', '', '', '0000-00-00', '', '', '', '', '', '', '', '', '', 0, ''),
(40, 'Квятковская', 'Нина', 'Ивановна', '1951-01-01', 'Жен', 'г.Новокузнецк,пр.Строителей, 71', 'администрация г', '', '', '748281', '468154', '89617032112', '', 0, ''),
(41, 'Чабан', '', '', '0000-00-00', '', '', '', '', '', '', '', '', '', 0, ''),
(42, 'Щептев', '', '', '0000-00-00', '', '', '', '', '', '', '', '', '', 0, ''),
(43, 'Иващенко', '', '', '0000-00-00', '', '', '', '', '', '', '', '', '', 0, ''),
(44, 'Устюгова', '', '', '0000-00-00', '', '', '', '', '', '', '', '', '', 0, ''),
(45, 'Ширгородский', '', '', '0000-00-00', '', '', '', '', '', '', '', '', '', 0, ''),
(70, 'Шубников', 'Дмитрий', 'сергеевич', '0000-00-00', '', '', '', '', '', '77 56 89', '', '', '', 0, ''),
(47, 'Скачеев', '', '', '0000-00-00', '', '', '', '', '', '', '', '', '', 0, ''),
(48, 'Каратеева', '', '', '0000-00-00', '', '', '', '', '', '', '', '', '', 0, ''),
(49, 'Глушкова', '', '', '0000-00-00', '', '', '', '', '', '', '', '89049945434', '', 0, ''),
(50, 'Топоркин', '', '', '0000-00-00', '', '', '', '', '', '', '', '', '', 0, ''),
(51, 'Губарь', '', '', '0000-00-00', '', '', '', '', '', '', '', '', '', 0, ''),
(52, 'Бойко', '', '', '0000-00-00', '', '', '', '', '', '', '', '', '', 0, ''),
(53, 'Никитина', '', '', '0000-00-00', '', '', '', '', '', '', '', '', '', 0, ''),
(54, 'Нестеренко', '', '', '0000-00-00', '', '', '', '', '', '', '', '', '', 0, ''),
(55, 'Михеев', 'Михаил', '', '0000-00-00', '', '', '', '', '', '', '', '', '', 0, ''),
(56, 'Хотулева', '', '', '0000-00-00', '', '', '', '', '', '', '', '', '', 0, ''),
(57, 'Коротеев', '', '', '0000-00-00', '', '', '', '', '', '773798', '', '', '', 0, ''),
(58, 'Сергеев', '', '', '0000-00-00', '', '', '', '', '', '', '', '', '', 0, ''),
(59, 'Воропаев', 'Сергей', 'Александрович', '1952-01-01', 'Муж', 'г.Новокузнецк, ул.Кирова, 123, кв.81', '', '', '', '762417', '', '89059058016', '', 0, ''),
(60, 'Ким', 'Мария', '', '0000-00-00', '', '', '', '', '', '', '', '', '', 0, ''),
(62, 'Опарина', '', '', '1910-01-01', 'Муж', '', '', '', '', '', '', '89134249792', 'nal', 0, ''),
(63, 'Самойлова', 'Галина', 'Владимировна', '1948-01-01', 'Жен', 'г.Новокузнецк, пр.Кузнецкстроевский, 40, кв.22', 'кузнецкий метал', '', '', '464672', '747344', '89069206597', 'nal', 0, ''),
(64, 'Осипова', '', '', '1910-01-01', 'Жен', '', '', '', '', '', '', '89236235298', 'nal', 0, ''),
(65, 'Чабан', 'Олеся', 'Андреевна', '1991-01-01', 'Жен', '', '', '', '', '520030', '', '89511765535', '', 4, ''),
(66, 'Михайлин', '', '', '0000-00-00', '', '', '', '', '', '', '', '', '', 0, ''),
(67, 'Рыжова', '', '', '0000-00-00', '', '', '', '', '', '', '', '', '', 0, ''),
(68, 'Романова', '', '', '0000-00-00', '', '', '', '', '', '', '', '', '', 0, ''),
(69, 'Трушкина', 'Татьяна', 'Петровна', '1965-04-27', 'Жен', 'г.Новокузнецк, пр.Ермакова, 5, кв.75', 'ЗАО "Универбыт"', 'фотограф', '', '', '743606', '89609278325', 'nal', 0, '');

-- --------------------------------------------------------

-- 
-- Структура таблицы `klishe_obk`
-- 

CREATE TABLE `klishe_obk` (
  `id` int(11) NOT NULL auto_increment,
  `nazv` varchar(50) NOT NULL default '',
  `function` text NOT NULL,
  `text` text NOT NULL,
  `ds` int(11) NOT NULL default '0',
  PRIMARY KEY  (`id`)
) TYPE=MyISAM COMMENT='Клише объективно' AUTO_INCREMENT=17 ;

-- 
-- Дамп данных таблицы `klishe_obk`
-- 

INSERT INTO `klishe_obk` (`id`, `nazv`, `function`, `text`, `ds`) VALUES (1, 'Средний кариес', 'На "+document.card.menu1.options[document.card.menu1.selectedIndex].value+" поверхности, кариозная полость средней глубины Зондирование эмалево-дентинной границы "+document.card.menu2.options[document.card.menu2.selectedIndex].value+". Реакция на холод "+document.card.menu3.options[document.card.menu3.selectedIndex].value+". Перкуссия безболезненная.', 'На<select name="menu1" onchange="MM_jumpMenu(''parent'',this,0)">\r\n		      <option value="вестибулярной">вестибулярной</option>\r\n		      <option value="медиальной">медиальной</option>\r\n		      <option value="дистальной">дистальной</option>\r\n		      <option value="медиально-жевательной">медиально-жевательной</option>\r\n		      <option value="дистально-жевательной">дистально-жевательной</option>\r\n                                    </select> \r\n		    поверхности\r\n		    , \r\n		    кариозная полость средней глубины\r\n		   Зондирование эмалево-дентинной границы\r\n		    <select name="menu2" id="menu2" onchange="MM_jumpMenu(''parent'',this,0)">\r\n		      <option value="болезненое">болезненое</option>\r\n		      <option value="безболезненое">безболезненое</option>\r\n                        </select>\r\n		    . Реакция  на холод \r\n		    <select name="menu3" id="menu3" onchange="MM_jumpMenu(''parent'',this,0)">\r\n		      <option value="болезненая, быстро проходящая">болезненая, быстро проходящая</option>\r\n		      <option value="безболезненая">безболезненая</option>\r\n                        </select>\r\n		    . Перкуссия безболезненная.', 57),
(2, 'Глубокий кариес', 'На "+document.card.menu1.options[document.card.menu1.selectedIndex].value+" повехности, глубокая кариозная полость. Полость зуба не вскрыта, зондирование "+document.card.menu2.options[document.card.menu2.selectedIndex].value+". Реакция на холод  "+document.card.menu3.options[document.card.menu3.selectedIndex].value+". Перкуссия безболезненная.', 'На\r\n		      <select name="menu1" onchange="MM_jumpMenu(''parent'',this,0)">\r\n		        <option value="вестибулярной">вестибулярной</option>\r\n		        <option value="медиальной">медиальной</option>\r\n		        <option value="дистальной">дистальной</option>\r\n		        <option value="медиально-жевательной">медиально-жевательной</option>\r\n		        <option value="дистально-жевательной">дистально-жевательной</option>\r\n		        </select> \r\n		      поверхности, глубокая  кариозная полость.Полость зуба не вскрыта, зондирование\r\n		      <select name="menu2" id="menu2" onchange="MM_jumpMenu(''parent'',this,0)">\r\n		        <option value="болезненое по всему дну">болезненое по всему дну</option>\r\n                <option value="безболезненое">безболезненое</option>\r\n                 </select>. Реакция  на холод болезненная \r\n		       <select name="menu3" id="menu3" onchange="MM_jumpMenu(''parent'',this,0)">\r\n		        <option value="болезненая, быстро проходящая">болезненая, быстро проходящая</option>\r\n		        <option value="безболезненая">безболезненая</option>\r\n		        </select>\r\n		      . Перкуссия безболезненная.', 59),
(3, 'Вторичный кариес', 'На \\"+document.card.menu1.options[document.card.menu1.selectedIndex].value+\\" поверхности, \\"+document.card.menu4.options[document.card.menu1.selectedIndex].value+\\", выполненная остатками пломбировочного материала. Зондирование э\\"+document.card.menu5.options[document.card.menu5.selectedIndex].value+\\" \\"+document.card.menu2.options[document.card.menu2.selectedIndex].value+\\". Реакция на \\"+document.card.menu3.options[document.card.menu3.selectedIndex].value+\\". Перкуссия безболезненная.', 'На<select name=\\"menu1\\" onchange=\\"MM_jumpMenu(\\''parent\\'',this,0)\\">\r\n		      <option value=\\"вестибулярной\\">вестибулярной</option>\r\n		      <option value=\\"медиальной\\">медиальной</option>\r\n		      <option value=\\"дистальной\\">дистальной</option>\r\n		      <option value=\\"медиально-жевательной\\">медиально-жевательной</option>\r\n		      <option value=\\"дистально-жевательной\\">дистально-жевательной</option>\r\n                                    </select> \r\n		    поверхности\r\n		    , \r\n		    <label>\r\n		    <select name=\\"menu4\\" id=\\"menu4\\">\r\n		      <option value=\\"кариозная полость средней глубины\\">кариозная полость средней глубины</option>\r\n		      <option value=\\"глубокая кариозная полость\\">глубокая кариозная полость</option>\r\n		      </select>\r\n		    , выполненная остатками пломбировочного материала. \r\n		    </label>\r\n		    Зондирование \r\n		    <label>\r\n		    <select name=\\"menu5\\" id=\\"menu5\\">\r\n		      <option value=\\"эмалево-дентинной границы\\">эмалево-дентинной границы</option>\r\n		      <option value=\\"дна кариозной полости\\">дна кариозной полости</option>\r\n		      </select>\r\n		    </label>\r\n		    <select name=\\"menu2\\" id=\\"menu2\\" onchange=\\"MM_jumpMenu(\\''parent\\'',this,0)\\">\r\n		      <option value=\\"болезненое\\">болезненое</option>\r\n		      <option value=\\"безболезненое\\">безболезненое</option>\r\n                        </select>\r\n		    . Реакция  на холод \r\n		    <select name=\\"menu3\\" id=\\"menu3\\" onchange=\\"MM_jumpMenu(\\''parent\\'',this,0)\\">\r\n		      <option value=\\"болезненая, быстро проходящая\\">болезненая, быстро проходящая</option>\r\n		      <option value=\\"безболезненая\\">безболезненая</option>\r\n                        </select>\r\n		    . Перкуссия безболезненная.', 60),
(4, 'Острый частичный пульпит. Посещение 1', 'На \\"+document.card.menu1.options[document.card.menu1.selectedIndex].value+\\" поверхности \\"+document.card.menu2.options[document.card.menu2.selectedIndex].value+\\", полость зуба \\"+document.card.menu3.options[document.card.menu3.selectedIndex].value+\\". Зондирование дна болезненное в одной точке, реакция на холодное резко болезненная, длительная. Перкуссия безболезненная.', 'На<select name=\\"menu1\\" onchange=\\"MM_jumpMenu(\\''parent\\'',this,0)\\" class=\\"litle\\">\r\n		      <option value=\\"вестибулярной\\">вестибулярной</option>\r\n		      <option value=\\"медиальной\\">медиальной</option>\r\n		      <option value=\\"дистальной\\">дистальной</option>\r\n		      <option value=\\"медиально-жевательной\\">медиально-жевательной</option>\r\n		      <option value=\\"дистально-жевательной\\">дистально-жевательной</option>\r\n             </select> поверхности, \r\n             <select name=\\"menu2\\" id=\\"menu2\\" class=\\"litle\\" onchange=\\"MM_jumpMenu(\\''parent\\'',this,0)\\">\r\n               <option value=\\"глубокая кариозная полость\\">глубокая кариозная полость</option>\r\n               <option value=\\"глубокая кариозная полость, выполненная остатками пломбировочного материала\\">глубокая кариозная полость, выполненная остатками пломбировочного материала</option>\r\n               <option value=\\"пломба\\">пломба</option>\r\n             </select>\r\n             . полость зуба \r\n             <select name=\\"menu3\\" id=\\"menu3\\" class=\\"litle\\" onchange=\\"MM_jumpMenu(\\''parent\\'',this,0)\\">\r\n				    <option value=\\"вскрыта\\">вскрыта</option>\r\n				    <option value=\\"не вскрыта\\">не вскрыта</option>\r\n				    </select>. Зондирование дна болезненное в одной точке, реакция на холодное резко болезненная, длительная. Перкуссия безболезненная.', 28),
(5, 'Острый частичный пульпит. Посещение 2.', 'Повязка сохранена, перкуссия \\"+document.card.menu1.options[document.card.menu1.selectedIndex].value+\\".', 'Повязка сохранена, перкуссия \r\n				<select name=\\"menu1\\" id=\\"menu1\\" onchange=\\"MM_jumpMenu(\\''parent\\'',this,0)\\">\r\n				    <option value=\\"безболезненная\\">безболезненная</option>\r\n				    <option value=\\"болезненная\\">болезненная</option></select>.', 28),
(6, 'Острый общий пульпит. Посещение1.', 'На \\"+document.card.menu1.options[document.card.menu1.selectedIndex].value+\\" поверхности \\"+document.card.menu2.options[document.card.menu2.selectedIndex].value+\\", полость зуба \\"+document.card.menu3.options[document.card.menu3.selectedIndex].value+\\". Зондирование болезненное по всему дну, реакция на холодное резко болезненная, длительная. Перкуссия безболезненная.', 'На<select name=\\"menu1\\" onchange=\\"MM_jumpMenu(\\''parent\\'',this,0)\\" class=\\"litle\\"><option value=\\"вестибулярной\\">вестибулярной</option><option value=\\"медиальной\\">медиальной</option><option value=\\"дистальной\\">дистальной</option><option value=\\"медиально-жевательной\\">медиально-жевательной</option><option value=\\"дистально-жевательной\\">дистально-жевательной</option></select> поверхности, <select name=\\"menu2\\" id=\\"menu2\\" class=\\"litle\\" onchange=\\"MM_jumpMenu(\\''parent\\'',this,0)\\"><option value=\\"глубокая кариозная полость\\">глубокая кариозная полость</option><option value=\\"глубокая кариозная полость, выполненная остатками пломбировочного материала\\">глубокая кариозная полость, выполненная остатками пломбировочного материала</option>\r\n               <option value=\\"пломба\\">пломба</option>\r\n             </select>\r\n             . полость зуба \r\n             <select name=\\"menu3\\" id=\\"menu3\\" class=\\"litle\\" onchange=\\"MM_jumpMenu(\\''parent\\'',this,0)\\">\r\n				    <option value=\\"вскрыта\\">вскрыта</option>\r\n				    <option value=\\"не вскрыта\\">не вскрыта</option>\r\n	    </select>\r\n             . Зондирование  болезненное по всему дну, реакция на холодное резко болезненная, длительная. Перкуссия безболезненная.', 29),
(7, 'Острый общий пульпит. Посещение2.', 'Повязка сохранена, перкуссия \\"+document.card.menu1.options[document.card.menu1.selectedIndex].value+\\".', 'Повязка сохранена, перкуссия \r\n				<select name=\\"menu1\\" id=\\"menu1\\" onchange=\\"MM_jumpMenu(\\''parent\\'',this,0)\\">\r\n				    <option value=\\"безболезненная\\">безболезненная</option>\r\n				    <option value=\\"болезненная\\">болезненная</option></select>.', 29),
(8, 'Острый гнойный пульпит. Посещение 1.', 'На \\"+document.card.menu1.options[document.card.menu1.selectedIndex].value+\\" поверхности  глубокая кариозная полость, полость чуба не вскрыта. Дно мягкое, при зондировании легко вскрылось, получено гнойно-кровянистое отделяемое, реакция на холодное безболезненна, перкуссия  болезненна.', 'На<select name=\\"menu1\\" id=\\"menu1\\" onchange=\\"MM_jumpMenu(\\''parent\\'',this,0)\\" class=\\"litle\\">\r\n		      <option value=\\"вестибулярной\\">вестибулярной</option>\r\n		      <option value=\\"медиальной\\">медиальной</option>\r\n		      <option value=\\"дистальной\\">дистальной</option>\r\n		      <option value=\\"медиально-жевательной\\">медиально-жевательной</option>\r\n		      <option value\\"дистально-жевательной\\">дистально-жевательной</option>\r\n             </select>\r\n	  поверхности  глубокая кариозная полость, полость чуба не вскрыта. Дно мягкое, при зондировании легко вскрылось, получено гнойно-кровянистое отделяемое, реакция на холодное безболезненна, перкуссия  болезненна.', 31),
(9, 'Острый гнойный пульпит. Посещение 2.', 'Повязка сохранена, перкуссия \\"+document.card.menu1.options[document.card.menu1.selectedIndex].value+\\".', 'Повязка сохранена, перкуссия \r\n				<select name=\\"menu1\\" id=\\"menu1\\" onchange=\\"MM_jumpMenu(\\''parent\\'',this,0)\\">\r\n				    <option value=\\"безболезненная\\">безболезненная<option>\r\n				    <option value=\\"болезненная\\">болезненная<option><select>.', 31),
(10, 'Хронический простой пульпит. Посещение 1.', 'На \\"+document.card.menu1.options[document.card.menu1.selectedIndex].value+\\" поверхности  глубокая кариозная полость,  полость зуба вскрыта.  Зондирование пульпы болезненно; реакция на холод болезненная, длительно не  проходящая; перкуссия безболезненная', 'На<select name=\\"menu1\\" id=\\"menu1\\" onchange=\\"MM_jumpMenu(\\''parent\\'',this,0)\\" class=\\"litle\\">\r\n		      <option value=\\"вестибулярной\\">вестибулярной</option>\r\n		      <option value=\\"медиальной\\">медиальной</option>\r\n		      <option value=\\"дистальной\\">дистальной</option>\r\n		      <option value=\\"медиально-жевательной\\">медиально-жевательной</option>\r\n		      <option value\\"дистально-жевательной\\">дистально-жевательной</option>\r\n             </select>\r\n	  поверхности  глубокая кариозная полость,  полость зуба вскрыта.  Зондирование пульпы болезненно; реакция на холод болезненная, длительно не  проходящая; перкуссия безболезненная.', 32),
(11, 'Хронический простой пульпит. Посещение 2.', 'Повязка сохранена, перкуссия \\"+document.card.menu1.options[document.card.menu1.selectedIndex].value+\\".', 'Повязка сохранена, перкуссия \r\n				<select name=\\"menu1\\" id=\\"menu1\\" onchange=\\"MM_jumpMenu(\\''parent\\'',this,0)\\">\r\n				    <option value=\\"безболезненная\\">безболезненная<option>\r\n				    <option value=\\"болезненная\\">болезненная<option><select>.', 32),
(12, 'Острый верхушечный периодонтит 1', 'Слизистая оболочка в области проекции корня 45 зуба гиперемирована, отёчна, пальпация ее болезненна. На \\"+document.card.menu1.options[document.card.menu1.selectedIndex].value+\\" поверхности глубокая кариозная полость, полость зуба вскрыта, зондирование безболезненно, реакция на холодное безболезненна, перкуссия вертикальная и горизонтальная резко болезненны. На рентгенограмме корневой канал 45 зуба прослеживается на всём протяжении, в периапикальных тканях патологических изменений нет', 'Слизистая оболочка в области проекции корня 45 зуба гиперемирована, отёчна, пальпация ее болезненна. На <select name=\\"menu1\\" id=\\"menu1\\" onchange=\\"MM_jumpMenu(\\''parent\\'',this,0)\\" class=\\"litle\\">\r\n		      <option value=\\"вестибулярной\\">вестибулярной</option>\r\n		      <option value=\\"медиальной\\">медиальной</option>\r\n		      <option value=\\"дистальной\\">дистальной</option>\r\n		      <option value=\\"медиально-жевательной\\">медиально-жевательной</option>\r\n		      <option value\\"дистально-жевательной\\">дистально-жевательной</option>\r\n             </select> поверхности глубокая кариозная полость, полость зуба вскрыта, зондирование безболезненно, реакция на холодное безболезненна, перкуссия вертикальная и горизонтальная резко болезненны. На рентгенограмме корневой канал 45 зуба прослеживается на всём протяжении, в периапикальных тканях патологических изменений нет.', 64),
(13, 'Острый верхушечный периодонтит 2', 'Перкуссия \\"+document.card.menu1.options[document.card.menu1.selectedIndex].value+\\", слизистая оболочка в области верхушки корня \\"+document.card.menu2.options[document.card.menu2.selectedIndex].value+\\".', 'Перкуссия <select name=\\"menu1\\" id=\\"menu1\\" onchange=\\"MM_jumpMenu(\\''parent\\'',this,0)\\" class=\\"litle\\">\r\n	  <option value=\\"слабоболезненная\\">слабоболезненная</option>\r\n	  <option value=\\"безболезненная\\">безболезненная</option>\r\n	  <option value=\\"болезненая\\">болезненая</option>\r\n             </select>, слизистая оболочка в области  верхушки\r\nкорня \r\n             <select name=\\"menu2\\" id=\\"menu2\\" onchange=\\"MM_jumpMenu(\\''parent\\'',this,0)\\">\r\n               <option value=\\"бледно-розовая\\">бледно-розовая</option>\r\n               <option value=\\"гиперемированная\\">гиперемированная</option>\r\n             </select>.', 64),
(14, 'Острый верхушечный периодонтит 3', 'Повязка сохранена, перкуссия \\"+document.card.menu1.options[document.card.menu1.selectedIndex].value+\\".', ' Повязка сохранена, перкуссия \r\n      <select name=\\"menu1\\" id=\\"menu1\\" onchange=\\"MM_jumpMenu(\\''parent\\'',this,0)\\" class=\\"litle\\">\r\n	  <option value=\\"слабоболезненная\\">слабоболезненная</option>\r\n	  <option value=\\"безболезненная\\">безболезненная</option>\r\n	  <option value=\\"болезненая\\">болезненая</option>\r\n             </select>.', 64),
(15, 'Хронический гранулирующий периодонтит 1', 'На \\"+document.card.menu1.options[document.card.menu1.selectedIndex].value+\\", \\"+document.card.menu2.options[document.card.menu2.selectedIndex].value+\\". полость зуба \\"+document.card.menu3.options[document.card.menu3.selectedIndex].value+\\", коронка зуба темного цвета. Перкуссия безболезненна, на слизистой оболочке в области проекции верхушки корня \\"+document.card.menu4.options[document.card.menu4.selectedIndex].value+\\". На внутриротовой контактной рентгенограмме определяется \\"+document.card.menu5.options[document.card.menu5.selectedIndex].value+\\", \\"+document.card.menu6.options[document.card.menu6.selectedIndex].value+\\", в периапикальных тканях очаг деструкции костной ткани с нечеткими контурами размером \\"+document.card.text1.value+\\"x\\"+document.card.text2.value+\\" мм.', 'На<select name=\\"menu1\\" onchange=\\"MM_jumpMenu(\\''parent\\'',this,0)\\" class=\\"litle\\"><option value=\\"вестибулярной\\">вестибулярной</option><option value=\\"медиальной\\">медиальной</option><option value=\\"дистальной\\">дистальной</option><option value=\\"медиально-жевательной\\">медиально-жевательной</option><option value=\\"дистально-жевательной\\">дистально-жевательной</option></select> поверхности, <select name=\\"menu2\\" id=\\"menu2\\" class=\\"litle\\" onchange=\\"MM_jumpMenu(\\''parent\\'',this,0)\\"><option value=\\"глубокая кариозная полость\\">глубокая кариозная полость</option><option value=\\"глубокая кариозная полость, выполненная остатками пломбировочного материала\\">глубокая кариозная полость, выполненная остатками пломбировочного материала</option>\r\n               <option value=\\"пломба\\">пломба</option>\r\n               <option value=\\"пломба, с нарушенным краевым прилеганием\\">пломба, с нарушенным краевым прилеганием</option>\r\n                </select>\r\n             . полость зуба \r\n             <select name=\\"menu3\\" id=\\"menu3\\" class=\\"litle\\" onchange=\\"MM_jumpMenu(\\''parent\\'',this,0)\\">\r\n				    <option value=\\"вскрыта\\">вскрыта</option>\r\n				    <option value=\\"не вскрыта\\">не вскрыта</option>\r\n	    </select>\r\n             ,  \r\n             коронка зуба темного цвета. Перкуссия безболезненна, на слизистой оболочке в области проекции верхушки корня   \r\n             <select name=\\"menu4\\" id=\\"menu4\\" class=\\"litle\\" onchange=\\"MM_jumpMenu(\\''parent\\'',this,0)\\">\r\n               <option value=\\"рубец от свища\\">рубец от свища</option>\r\n               <option value=\\"свищ\\">свищ</option>\r\n                          </select>\r\n        . На внутриротовой контактной рентгенограмме определяется \r\n        <select name=\\"menu5\\" id=\\"menu5\\" class=\\"litle\\" onchange=\\"MM_jumpMenu(\\''parent\\'',this,0)\\">\r\n          <option value=\\"дефект коронки, заполненный рентгеноконтрастным материалом, сообщающийся с полостью зуба\\">дефект коронки, заполненный рентгеноконтрастным материалом, сообщающийся с полостью зуба</option>\r\n          <option value=\\"дефект коронки сообщающийся с полостью зуба\\">дефект коронки сообщающийся с полостью зуба</option>\r\n                </select>\r\n        , \r\n        <select name=\\"menu6\\" id=\\"menu6\\" class=\\"litle\\" onchange=\\"MM_jumpMenu(\\''parent\\'',this,0)\\">\r\n          <option value=\\"корневой канал запломбирован на 1/4 длины\\">корневой канал запломбирован на 1/4 длины</option>\r\n          <option value=\\"корневой канал запломбирован на 1/2 длины\\">корневой канал запломбирован на 1/2 длины</option>\r\n          <option value=\\"корневой канал запломбирован на 3/4 длины\\">корневой канал запломбирован на 3/4 длины</option>\r\n                </select>\r\n        , в периапикальных тканях очаг деструкции костной ткани с нечеткими контурами размером \r\n        <input name=\\"text1\\" type=\\"text\\" id=\\"text1\\" size=\\"4\\" maxlength=\\"2\\"  onkeyup=\\''document.card.obk.value=\\"На \\"+document.card.menu1.options[document.card.menu1.selectedIndex].value+\\", \\"+document.card.menu2.options[document.card.menu2.selectedIndex].value+\\". полость зуба \\"+document.card.menu3.options[document.card.menu3.selectedIndex].value+\\", коронка зуба темного цвета. Перкуссия безболезненна, на слизистой оболочке в области проекции верхушки корня \\"+document.card.menu4.options[document.card.menu4.selectedIndex].value+\\". На внутриротовой контактной рентгенограмме определяется \\"+document.card.menu5.options[document.card.menu5.selectedIndex].value+\\", \\"+document.card.menu6.options[document.card.menu6.selectedIndex].value+\\", в периапикальных тканях очаг деструкции костной ткани с нечеткими контурами размером \\"+document.card.text1.value+\\"x\\"+document.card.text2.value+\\" мм.\\"\\''/>\r\n        x\r\n        <input name=\\"text2\\" type=\\"text\\" id=\\"text2\\" size=\\"4\\" maxlength=\\"2\\" onkeyup=\\''document.card.obk.value=\\"На \\"+document.card.menu1.options[document.card.menu1.selectedIndex].value+\\", \\"+document.card.menu2.options[document.card.menu2.selectedIndex].value+\\". полость зуба \\"+document.card.menu3.options[document.card.menu3.selectedIndex].value+\\", коронка зуба темного цвета. Перкуссия безболезненна, на слизистой оболочке в области проекции верхушки корня \\"+document.card.menu4.options[document.card.menu4.selectedIndex].value+\\". На внутриротовой контактной рентгенограмме определяется \\"+document.card.menu5.options[document.card.menu5.selectedIndex].value+\\", \\"+document.card.menu6.options[document.card.menu6.selectedIndex].value+\\", в периапикальных тканях очаг деструкции костной ткани с нечеткими контурами размером \\"+document.card.text1.value+\\"x\\"+document.card.text2.value+\\" мм.\\"\\''/>\r\n         мм.', 67),
(16, 'Хронический гранулирующий периодонтит 2.', 'Временная пломба сохранена, перкуссия безболезненна. На рентгенограмме у апекса в очаге деструкции \\"+document.card.menu1.options[document.card.menu1.selectedIndex].value+\\".', ' Временная пломба сохранена, перкуссия безболезненна. На рентгенограмме у\r\nапекса  в очаге деструкции \r\n   <select name=\\"menu1\\" onchange=\\"MM_jumpMenu(\\''parent\\'',this,0)\\" class=\\"litle\\">\r\n     <option value=\\"отмечается появление костных балок\\">отмечается появление костных балок</option>\r\n     <option value=\\"изменений не наблюдается\\">изменений не наблюдается</option>\r\n     <option value=\\"уменьшение очага деструкции\\">уменьшение очага деструкции</option>\r\n   </select>.', 67);

-- --------------------------------------------------------

-- 
-- Структура таблицы `manip`
-- 

CREATE TABLE `manip` (
  `id` int(11) NOT NULL auto_increment,
  `manip` varchar(150) NOT NULL default '',
  `preysk` int(11) NOT NULL default '0',
  `zapis` varchar(100) NOT NULL default '',
  `price` int(11) NOT NULL default '0',
  `cat` int(11) NOT NULL default '0',
  `UpId` int(11) NOT NULL default '0',
  `range` int(11) NOT NULL default '0',
  PRIMARY KEY  (`id`)
) TYPE=MyISAM AUTO_INCREMENT=168 ;

-- 
-- Дамп данных таблицы `manip`
-- 

INSERT INTO `manip` (`id`, `manip`, `preysk`, `zapis`, `price`, `cat`, `UpId`, `range`) VALUES (80, '8. Восстановление зуба светоотверждаемым композитом Dyrect eXtra', 1, '', 0, 1, 0, 8),
(14, '2. Анестезия', 1, '', 0, 1, 0, 2),
(15, 'Анестезия инъекционная Septenest 1:200 000', 1, 'анестезия Septenest 1:200 000', 120, 0, 14, 0),
(78, '4. Восстановление зуба светоотверждаемым композитом Filtek Z250', 1, '', 0, 1, 0, 4),
(79, '5. Восстановление зуба светоотверждаемым композитом EsthetX', 1, '', 0, 1, 0, 5),
(19, '13. Установка анкерных штифтов', 1, '', 0, 1, 0, 13),
(20, 'Установка стекловолоконого анкерного штифта', 1, 'установка стекловолоконого анкерного штифта', 650, 0, 19, 0),
(21, '1. Общие виды работ', 1, '', 0, 1, 0, 1),
(22, 'Предварительный осмотр, составление плана лечения', 1, '', 100, 0, 21, 0),
(23, 'Консультация доктора медицинских наук', 1, '', 250, 0, 21, 0),
(24, 'Установка раббердама', 1, '', 100, 0, 21, 0),
(25, '11. Рентгендиагностика', 1, '', 0, 1, 0, 11),
(26, 'Компьютерная визиография (за один диагностический снимок)', 1, '', 100, 0, 25, 0),
(27, 'Компьютерная визиография на этапе лечения (за один снимок)', 1, '', 60, 0, 25, 0),
(28, '3. Лечение кариеса', 1, '', 0, 1, 0, 3),
(29, 'Подготовка кариозной  полости механическая, бормашиной', 1, 'препарирование кариозной  полости', 60, 0, 28, 0),
(30, 'Снятие "старой" пломбы', 1, 'снятие "старой" пломбы', 40, 0, 28, 0),
(31, 'Трепанация коронки интактного зуба', 1, '', 100, 0, 28, 0),
(32, 'Наложение прокладки из СИЦ', 1, 'Наложение изолирующей прокладки из СИЦ', 60, 0, 28, 0),
(33, 'Наложение лечебной кальциесодержащей прокладки', 1, 'Наложение лечебной кальциесодержащей прокладки', 60, 0, 28, 0),
(34, 'Полировка, шлифовка пломбы', 1, 'полировка, шлифовка пломбы', 60, 0, 28, 0),
(35, '12. Эндодонтическое лечение', 1, '', 0, 1, 0, 12),
(36, 'Оказание первой помощи при пульпитах (мышьяк, повязка)', 1, '', 170, 0, 35, 0),
(37, 'Временная повязка', 1, 'повязка', 50, 0, 35, 0),
(38, 'Коагуляция слизистой оболочки', 1, '', 50, 0, 21, 0),
(39, 'Инструментальная и медикаментозная обработка одного корневого канала (подготовка к пломбированию)', 1, 'инструментальная и медикаментозная обработка корневого канала', 350, 0, 35, 0),
(40, 'Сеанс депофореза (один канал)', 1, 'Сеанс депофореза', 150, 0, 35, 0),
(41, 'Использование Каласепт, Биокалекс', 1, 'Временная обтурация с использованием Каласепт', 170, 0, 35, 0),
(42, 'Пломбирование корневого канала гуттаперчей, методом латеральной конденсации', 1, 'обтурация корневого канала гуттаперчей, методом латеральной конденсации на всю рабочую длинну', 250, 0, 35, 0),
(43, 'Пломбирование корневого канала пастой', 1, 'обтурация корневого канала пастой на всю рабочую длинну', 150, 0, 35, 0),
(44, 'Пломбирование корневого канала Форфенаном', 1, 'пломбирование корневого канала Форфенаном', 120, 0, 35, 0),
(45, 'Распломбирование одного корневого канала, запломбированного пастой на окись-цинковой основе', 1, 'распломбирование корневого канала, запломбированного пастой на окись-цинковой основе', 100, 0, 35, 0),
(46, 'Распломбирование одного корневого канала, запломбированного полимеризующейся пастой (резорцин-формал', 1, 'распломбирование корневого канала, запломбированного резорцин-формалиновая пастой', 0, 0, 35, 0),
(47, 'Распломбирование одного корневого канала, запломбированного цементом (фосфат и т.д.)', 1, 'Распломбирование корневого канала, запломбированного цементом.', 400, 0, 35, 0),
(48, 'Распломбирование одного корневого канала, запломбированного термафилом', 1, 'распломбирование корневого канала, запломбированного термафилом', 100, 0, 35, 0),
(49, 'Распломбирование одного корневого канала, запломбированного гуттаперчей', 1, 'распломбирование корневого канала, запломбированного гуттаперчей', 100, 0, 35, 0),
(50, 'Извлечение инородного тела из фронтального зуба', 1, 'Извлечение инородного тела из корневого канала', 300, 0, 35, 0),
(51, 'Извлечение инородного тела из бокового зуба', 1, 'Извлечение инородного тела из корневого канала', 450, 0, 35, 0),
(52, 'Закрытие перфорации корня, би- или трифуркации', 1, 'Закрытие перфорации', 250, 0, 35, 0),
(53, 'Установка анкерного титанового штифта Икадент', 1, 'Установка анкерного титанового штифта Икадент', 450, 0, 19, 0),
(54, 'Установка внутриканального штифта (производство Франции)', 1, 'фиксация внутриканального штифта', 400, 0, 19, 0),
(55, 'Усатновка парапульпарного штифта (Maillefer, Швейцария)', 1, 'усатновка парапульпарного штифта', 200, 0, 19, 0),
(56, 'Фиксация штифта на иономерный цемент', 1, '', 100, 0, 19, 0),
(57, '15. Лечение заболеваний пародонта', 1, '', 0, 1, 0, 13),
(58, 'Осмотр полости рта, харпактеристика статуса пародонта, оформление документации, определение пародонт', 1, '', 300, 0, 57, 0),
(59, 'Кюретаж пародонтального кармана в области 1-го зуба', 1, 'кюретаж пародонтального кармана', 70, 0, 57, 0),
(60, 'Наложение лечебной повязки в области 1-го зуба (на десну и/или в пародонтальные карманы)', 1, 'Наложение лечебной повязки', 90, 0, 57, 0),
(61, 'Медикаментозная обработка 1-го зубодесневого кармана (промывание антисептиком, введение в карман леч', 1, 'Медикаментозная обработка зубодесневого кармана', 40, 0, 57, 0),
(62, 'Аппликации диплена', 1, 'аппликации диплена', 150, 0, 57, 0),
(63, 'Избирательная пришлифовка 1-го зуба', 1, 'Избирательная пришлифовка зуба', 50, 0, 57, 0),
(64, 'Шинирование лентой "Риббонд" за 1 см', 1, 'шинирование лентой "Риббонд"', 1000, 0, 57, 0),
(65, 'Временное шинирование 6 зубов быстротвердеющей пластмасой', 1, 'временное шинирование зубов быстротвердеющей пластмасой', 500, 0, 57, 0),
(66, '14. Профилактический прием', 1, '', 0, 1, 0, 14),
(67, 'Обучение рациональной гигиене полости рта с последующим контролем чистки', 1, 'Обучение рациональной гигиене полости рта с последующим контролем чистки', 150, 0, 66, 0),
(68, 'Профессиональная гигиена полости рта, гигиеническая полировка зубов ультразвуковым скалером за один', 1, 'Профессиональная гигиена полости рта, гигиеническая полировка зубов ультразвуковым скалером', 50, 0, 66, 0),
(69, 'Профессиональная гигиена полости рта, гигиеническая полировка зубов с использованием абразивных паст', 1, 'Профессиональная гигиена полости рта, гигиеническая полировка зубов с использованием абразивных паст', 35, 0, 66, 0),
(70, 'Проведение противокариозной и реминерализующей терапии фтор-гелем, за один зуб', 1, 'проведение противокариозной и реминерализующей терапии фтор-гелем', 30, 0, 66, 0),
(71, 'Проведение противокариозной и реминерализующей терапии методикой глубокого фторирования, за один зуб', 1, 'проведение противокариозной и реминерализующей терапии методикой глубокого фторирования', 150, 0, 66, 0),
(72, 'Гигиена полости рта без снятия лигатур , дуг и эластичных колец', 1, 'гигиена полости рта без снятия лигатур , дуг и эластичных колец', 150, 0, 66, 0),
(73, 'Заливка фиссур герметиком для профилактики кариеса (за 1 зуб)', 1, 'заливка фиссур герметиком', 150, 0, 66, 0),
(74, 'Снятие "налёта курильщика", полировка профилактической пастой (1-го зуба)', 1, 'снятие "налёта курильщика", полировка профилактической пастой', 100, 0, 66, 0),
(75, 'Обработка Gluma Desensitizer (1 зуба)  при чувствительности зубов', 1, 'Обработка Gluma Desensitizer', 50, 0, 21, 0),
(76, 'Стерильный набор (перчатки,фартук, салфетка, слюноотсос)', 1, '', 30, 0, 21, 0),
(77, 'Каппа для лечения заболеваний пародонта.', 1, '', 1000, 0, 57, 0),
(81, '7. Восстановление зуба светоотверждаемым композитом Charisma', 1, '', 0, 1, 0, 7),
(82, '9. Восстановление зуба светоотверждаемым композитом Призмафил', 1, '', 0, 1, 0, 9),
(83, '10. Восстановление зуба СИЦ Vitrimer', 1, '', 0, 1, 0, 10),
(84, 'Анестезия инъекционная Septenest 1:100 000', 1, 'Анестезия  Septenest 1:100 000', 120, 0, 14, 0),
(85, 'Анестезия инъекционная  Ultracain 1:100 000', 1, 'Анестезия инъекционная  Ultracain 1:100 000', 120, 0, 14, 0),
(86, 'Анестезия инъекционная  Ultracain 1:200 000', 1, 'Анестезия инъекционная  Ultracain 1:200 000', 120, 0, 14, 0),
(87, 'Анестезия инъекционная  Scandonest', 1, 'Анестезия Scandonest', 120, 0, 14, 0),
(88, 'Восстановление  фронтальных зубов, кроме клыков, разрушенностью до 1/3 коронки', 1, 'пломба Filtek Z250', 700, 0, 78, 0),
(89, 'Восстановление клыков, разрушенностью до 1/3 коронки', 1, 'пломба Filtek Z250', 750, 0, 78, 0),
(90, 'Восстановление премоляров, разрушенностью до 1/3 коронки', 1, 'пломба Filtek Z250', 780, 0, 78, 0),
(91, 'Восстановление моляров, разрушенностью до 1/3 коронки', 1, 'пломба Filtek Z250', 800, 0, 78, 0),
(92, 'Восстановление  фронтальных зубов, кроме клыков, разрушенностью 1/3-2/3 коронки', 1, 'пломба Filtek Z250', 800, 0, 78, 0),
(93, 'Восстановление клыков, разрушенностью 1/3-2/3 коронки', 1, 'пломба Filtek Z250', 820, 0, 78, 0),
(94, 'Восстановление премоляров, разрушенностью 1/3-2/3 коронки', 1, 'пломба Filtek Z250', 850, 0, 78, 0),
(95, 'Восстановление моляров, разрушенностью 1/3-2/3 коронки', 1, 'пломба Filtek Z250', 900, 0, 78, 0),
(96, 'Восстановление  фронтальных зубов, кроме клыков, разрушенностью более 2/3 коронки', 1, 'пломба Filtek Z250', 900, 0, 78, 0),
(97, 'Восстановление клыков, разрушенностью более 2/3 коронки', 1, 'пломба Filtek Z250', 950, 0, 78, 0),
(98, 'Восстановление премоляров, разрушенностью  более 2/3 коронки', 1, 'пломба Filtek Z250', 980, 0, 78, 0),
(99, 'Восстановление моляров, разрушенностью более 2/3 коронки', 1, 'пломба Filtek Z250', 1200, 0, 78, 0),
(100, 'Восстановление  фронтальных зубов, кроме клыков, разрушенностью до 1/3 коронки', 1, 'пломба EsthetX', 700, 0, 79, 0),
(101, 'Восстановление клыков, разрушенностью до 1/3 коронки', 1, 'пломба EsthetX', 750, 0, 79, 0),
(102, 'Восстановление премоляров, разрушенностью до 1/3 коронки', 1, 'пломба EsthetX', 780, 0, 79, 0),
(103, 'Восстановление моляров, разрушенностью до 1/3 коронки', 1, 'пломба EsthetX', 800, 0, 79, 0),
(104, 'Восстановление  фронтальных зубов, кроме клыков, разрушенностью 1/3-2/3 коронки', 1, 'пломба EsthetX', 800, 0, 79, 0),
(105, 'Восстановление клыков, разрушенностью 1/3-2/3 коронки', 1, 'пломба EsthetX', 820, 0, 79, 0),
(106, 'Восстановление премоляров, разрушенностью 1/3-2/3 коронки', 1, 'пломба EsthetX', 850, 0, 79, 0),
(107, 'Восстановление моляров, разрушенностью 1/3-2/3 коронки', 1, 'пломба EsthetX', 900, 0, 79, 0),
(108, 'Восстановление  фронтальных зубов, кроме клыков, разрушенностью более 2/3 коронки', 1, 'пломба EsthetX', 900, 0, 79, 0),
(109, 'Восстановление клыков, разрушенностью более 2/3 коронки', 1, 'пломба EsthetX', 950, 0, 79, 0),
(110, 'Восстановление премоляров, разрушенностью  более 2/3 коронки', 1, 'пломба EsthetX', 980, 0, 79, 0),
(111, 'Восстановление моляров, разрушенностью более 2/3 коронки', 1, 'пломба EsthetX', 1200, 0, 79, 0),
(112, 'Полная реставрация (фронтальные зубы и премоляры)', 1, 'пломба Filtek Z250', 1300, 0, 78, 0),
(113, 'Полная реставрация (моляры)', 1, 'пломба Filtek Z250', 1500, 0, 78, 0),
(114, 'Полная реставрация (моляры)', 1, 'пломба EsthetX', 1500, 0, 79, 0),
(115, 'Полная реставрация (фронтальные зубы и премоляры)', 1, 'пломба EsthetX', 1300, 0, 79, 0),
(116, 'Восстановление  фронтальных зубов, кроме клыков, разрушенностью до 1/3 коронки', 1, 'пломба Dyrect eXtra', 700, 0, 80, 0),
(117, 'Восстановление клыков, разрушенностью до 1/3 коронки', 1, 'пломба Dyrect eXtra', 750, 0, 80, 0),
(118, 'Восстановление премоляров, разрушенностью до 1/3 коронки', 1, 'пломба Dyrect eXtra', 780, 0, 80, 0),
(119, 'Восстановление моляров, разрушенностью до 1/3 коронки', 1, 'пломба Dyrect eXtra', 800, 0, 80, 0),
(120, 'Восстановление  фронтальных зубов, кроме клыков, разрушенностью 1/3-2/3 коронки', 1, 'пломба Dyrect eXtra', 800, 0, 80, 0),
(121, 'Восстановление клыков, разрушенностью 1/3-2/3 коронки', 1, 'пломба Dyrect eXtra', 820, 0, 80, 0),
(122, 'Восстановление премоляров, разрушенностью 1/3-2/3 коронки', 1, 'пломба Dyrect eXtra', 850, 0, 80, 0),
(123, 'Восстановление моляров, разрушенностью 1/3-2/3 коронки', 1, 'пломба Dyrect eXtra', 900, 0, 80, 0),
(124, 'Восстановление  фронтальных зубов, кроме клыков, разрушенностью более 2/3 коронки', 1, 'пломба Dyrect eXtra', 900, 0, 80, 0),
(125, 'Восстановление клыков, разрушенностью более 2/3 коронки', 1, 'пломба Dyrect eXtra', 950, 0, 80, 0),
(126, 'Восстановление премоляров, разрушенностью  более 2/3 коронки', 1, 'пломба Dyrect eXtra', 980, 0, 80, 0),
(127, 'Восстановление моляров, разрушенностью более 2/3 коронки', 1, 'пломба Dyrect eXtra', 1200, 0, 80, 0),
(128, 'Восстановление  фронтальных зубов, кроме клыков, разрушенностью до 1/3 коронки', 1, 'пломба Charisma', 700, 0, 81, 0),
(129, 'Восстановление клыков, разрушенностью до 1/3 коронки', 1, 'пломба Charisma', 750, 0, 81, 0),
(130, 'Восстановление премоляров, разрушенностью до 1/3 коронки', 1, 'пломба Charisma', 780, 0, 81, 0),
(131, 'Восстановление моляров, разрушенностью до 1/3 коронк', 1, 'пломба Charisma', 800, 0, 81, 0),
(132, 'Восстановление  фронтальных зубов, кроме клыков, разрушенностью 1/3-2/3 коронки', 1, 'пломба Charisma', 800, 0, 81, 0),
(133, 'Восстановление клыков, разрушенностью 1/3-2/3 коронки', 1, 'пломба Charisma', 820, 0, 81, 0),
(134, 'Восстановление премоляров, разрушенностью 1/3-2/3 коронки', 1, 'пломба Charisma', 850, 0, 81, 0),
(135, 'Восстановление моляров, разрушенностью 1/3-2/3 коронки', 1, 'пломба Charisma', 900, 0, 81, 0),
(136, 'Восстановление  фронтальных зубов, кроме клыков, разрушенностью более 2/3 коронки', 1, 'пломба Charisma', 900, 0, 81, 0),
(137, 'Восстановление клыков, разрушенностью более 2/3 коронки', 1, 'пломба Charisma', 950, 0, 81, 0),
(138, 'Восстановление премоляров, разрушенностью  более 2/3 коронки', 1, 'пломба Charisma', 980, 0, 81, 0),
(139, 'Восстановление моляров, разрушенностью более 2/3 коронки', 1, 'пломба Charisma', 1200, 0, 81, 0),
(140, 'Полная реставрация (моляры)', 1, 'пломба Charisma', 1500, 0, 81, 0),
(142, 'Полная реставрация (фронтальные зубы и премоляры)', 1, 'пломба Charisma', 1300, 0, 81, 0),
(143, 'Восстановление  фронтальных зубов, кроме клыков, разрушенностью до 1/3 коронки', 1, 'пломба Призмафил', 420, 0, 82, 0),
(144, 'Восстановление клыков, разрушенностью до 1/3 коронки', 1, 'пломба Призмафил', 450, 0, 82, 0),
(145, 'Восстановление премоляров, разрушенностью до 1/3 коронки', 1, 'пломба Призмафил', 470, 0, 82, 0),
(146, 'Восстановление моляров, разрушенностью до 1/3 коронки', 1, 'пломба Призмафил', 570, 0, 82, 0),
(147, 'Восстановление  фронтальных зубов, кроме клыков, разрушенностью 1/3-2/3 коронки', 1, 'пломба Призмафил', 500, 0, 82, 0),
(148, 'Восстановление клыков, разрушенностью 1/3-2/3 коронки', 1, 'пломба Призмафил', 540, 0, 82, 0),
(149, 'Восстановление премоляров, разрушенностью 1/3-2/3 коронки', 1, 'пломба Призмафил', 570, 0, 82, 0),
(150, 'Восстановление моляров, разрушенностью 1/3-2/3 коронки', 1, 'пломба Призмафил', 630, 0, 82, 0),
(151, 'Восстановление  фронтальных зубов, кроме клыков, разрушенностью более 2/3 коронки', 1, 'пломба Призмафил', 550, 0, 82, 0),
(152, 'Восстановление клыков, разрушенностью более 2/3 коронки', 1, 'пломба Призмафил', 580, 0, 82, 0),
(153, 'Восстановление премоляров, разрушенностью  более 2/3 коронки', 1, 'пломба Призмафил', 610, 0, 82, 0),
(154, 'Восстановление моляров, разрушенностью более 2/3 коронки', 1, 'пломба Призмафил', 750, 0, 82, 0),
(155, 'Восстановление  фронтальных зубов, кроме клыков, разрушенностью до 1/3 коронки', 1, 'пломба Vitrimer', 420, 0, 83, 0),
(158, 'Восстановление клыков, разрушенностью до 1/3 коронки', 1, 'пломба Vitrimer', 450, 0, 83, 0),
(157, 'Восстановление премоляров, разрушенностью до 1/3 коронки', 1, 'пломба Vitrimer', 470, 0, 83, 0),
(159, 'Восстановление моляров, разрушенностью до 1/3 коронки', 1, 'пломба Vitrimer', 570, 0, 83, 0),
(160, 'Восстановление  фронтальных зубов, кроме клыков, разрушенностью 1/3-2/3 коронки', 1, 'пломба Vitrimer', 500, 0, 83, 0),
(161, 'Восстановление клыков, разрушенностью 1/3-2/3 коронки', 1, 'пломба Vitrimer', 540, 0, 83, 0),
(162, 'Восстановление премоляров, разрушенностью 1/3-2/3 коронки', 1, 'пломба Vitrimer', 570, 0, 83, 0),
(163, 'Восстановление моляров, разрушенностью 1/3-2/3 коронки', 1, 'пломба Vitrimer', 630, 0, 83, 0),
(164, 'Восстановление  фронтальных зубов, кроме клыков, разрушенностью более 2/3 коронки', 1, 'пломба Vitrimer', 550, 0, 83, 0),
(165, 'Восстановление клыков, разрушенностью более 2/3 коронки', 1, 'пломба Vitrimer', 580, 0, 83, 0),
(166, 'Восстановление премоляров, разрушенностью  более 2/3 коронки', 1, 'пломба Vitrimer', 610, 0, 83, 0),
(167, 'Восстановление моляров, разрушенностью более 2/3 коронки', 1, 'пломба Vitrimer', 750, 0, 83, 0);

-- --------------------------------------------------------

-- 
-- Структура таблицы `manip_pr`
-- 

CREATE TABLE `manip_pr` (
  `id` int(11) NOT NULL auto_increment,
  `NZuba` int(11) NOT NULL default '0',
  `manip` int(11) NOT NULL default '0',
  `kolvo` int(11) NOT NULL default '0',
  `dnev` int(11) NOT NULL default '0',
  PRIMARY KEY  (`id`)
) TYPE=MyISAM COMMENT='Проведённые манипуляции' AUTO_INCREMENT=207 ;

-- 
-- Дамп данных таблицы `manip_pr`
-- 

INSERT INTO `manip_pr` (`id`, `NZuba`, `manip`, `kolvo`, `dnev`) VALUES (103, 11, 8, 1, 75),
(102, 11, 7, 1, 75),
(101, 11, 6, 1, 75),
(100, 11, 8, 1, 74),
(99, 11, 7, 1, 74),
(98, 11, 6, 1, 74),
(97, 12, 8, 1, 73),
(96, 12, 7, 1, 73),
(95, 12, 6, 2, 73),
(94, 11, 7, 1, 72),
(93, 11, 6, 1, 72),
(92, 11, 7, 1, 71),
(91, 11, 6, 2, 71),
(90, 47, 8, 2, 70),
(89, 47, 6, 2, 70),
(87, 47, 6, 2, 68),
(88, 47, 8, 2, 68),
(104, 12, 6, 2, 76),
(105, 12, 7, 1, 76),
(106, 12, 8, 1, 76),
(107, 18, 6, 2, 78),
(108, 18, 7, 2, 78),
(109, 18, 8, 1, 78),
(110, 18, 10, 1, 78),
(111, 11, 6, 1, 79),
(112, 11, 7, 1, 79),
(113, 11, 8, 1, 79),
(114, 11, 10, 1, 79),
(115, 46, 6, 1, 80),
(116, 46, 7, 1, 80),
(117, 46, 8, 1, 80),
(118, 14, 6, 1, 81),
(119, 14, 7, 1, 81),
(120, 14, 8, 1, 81),
(121, 15, 6, 1, 82),
(122, 15, 7, 1, 82),
(123, 15, 10, 1, 82),
(124, 15, 8, 1, 82),
(125, 11, 6, 1, 84),
(126, 11, 6, 1, 85),
(127, 11, 8, 1, 85),
(128, 11, 10, 1, 85),
(129, 11, 15, 1, 86),
(130, 11, 18, 1, 86),
(131, 11, 20, 1, 86),
(132, 11, 17, 1, 87),
(133, 11, 18, 1, 87),
(134, 11, 15, 1, 87),
(135, 11, 20, 1, 87),
(136, 11, 18, 2, 88),
(137, 11, 17, 2, 88),
(138, 11, 15, 1, 88),
(139, 11, 20, 1, 88),
(140, 21, 18, 1, 89),
(141, 21, 15, 1, 89),
(142, 21, 20, 1, 89),
(143, 11, 20, 2, 92),
(144, 11, 18, 1, 92),
(145, 11, 17, 1, 92),
(146, 11, 17, 1, 93),
(147, 11, 15, 1, 93),
(148, 11, 20, 1, 93),
(149, 11, 17, 1, 93),
(150, 11, 15, 1, 93),
(151, 11, 20, 1, 93),
(152, 11, 20, 1, 95),
(153, 11, 20, 1, 96),
(154, 0, 15, 1, 97),
(155, 0, 20, 1, 97),
(156, 0, 18, 1, 97),
(157, 0, 15, 1, 98),
(158, 0, 17, 1, 98),
(159, 0, 76, 1, 100),
(160, 0, 24, 1, 100),
(161, 0, 46, 1, 100),
(162, 0, 39, 1, 100),
(163, 0, 41, 2, 100),
(164, 0, 37, 1, 100),
(165, 0, 76, 1, 101),
(166, 0, 24, 1, 101),
(167, 0, 22, 1, 101),
(168, 0, 84, 1, 101),
(169, 0, 39, 1, 101),
(170, 0, 38, 1, 102),
(171, 0, 24, 1, 104),
(172, 0, 76, 1, 104),
(173, 0, 84, 2, 104),
(174, 0, 32, 1, 104),
(175, 0, 29, 1, 104),
(176, 0, 34, 1, 104),
(177, 0, 96, 1, 104),
(178, 0, 38, 1, 105),
(179, 0, 23, 1, 105),
(180, 0, 24, 1, 105),
(181, 0, 76, 1, 105),
(182, 0, 38, 1, 106),
(183, 0, 24, 1, 106),
(184, 0, 76, 1, 106),
(185, 0, 39, 1, 106),
(186, 0, 76, 1, 107),
(187, 0, 24, 1, 107),
(188, 0, 29, 1, 107),
(189, 0, 96, 1, 107),
(190, 0, 34, 1, 107),
(191, 0, 76, 1, 108),
(192, 0, 24, 1, 108),
(193, 0, 29, 1, 108),
(194, 0, 96, 1, 108),
(195, 0, 34, 1, 108),
(196, 0, 76, 1, 109),
(197, 0, 24, 1, 109),
(198, 0, 29, 1, 109),
(199, 0, 96, 1, 109),
(200, 0, 34, 1, 109),
(201, 46, 76, 1, 111),
(202, 46, 24, 1, 111),
(203, 46, 15, 1, 111),
(204, 46, 29, 1, 111),
(205, 46, 95, 1, 111),
(206, 46, 34, 1, 111);

-- --------------------------------------------------------

-- 
-- Структура таблицы `mater`
-- 

CREATE TABLE `mater` (
  `id` int(11) NOT NULL auto_increment,
  `naim` varchar(100) NOT NULL default '',
  `edizm` int(11) NOT NULL default '0',
  `QPack` int(11) NOT NULL default '0',
  `QPrice` float NOT NULL default '0',
  `Price` float NOT NULL default '0',
  `UpId` int(11) NOT NULL default '0',
  `Cat` int(11) NOT NULL default '0',
  `MinOst` int(11) NOT NULL default '0',
  `prim` varchar(100) NOT NULL default '',
  PRIMARY KEY  (`id`),
  KEY `naim` (`naim`)
) TYPE=MyISAM COMMENT='Материалы' AUTO_INCREMENT=23 ;

-- 
-- Дамп данных таблицы `mater`
-- 

INSERT INTO `mater` (`id`, `naim`, `edizm`, `QPack`, `QPrice`, `Price`, `UpId`, `Cat`, `MinOst`, `prim`) VALUES (17, 'Esthet-X A1', 1, 1, 450, 450, 15, 0, 10, ''),
(16, 'Filtek Z250', 1, 8, 8150, 1018.75, 15, 0, 8, ''),
(15, 'Пломбировочные материалы', 0, 0, 0, 0, 0, 1, 0, ''),
(13, 'Анкерные штифты', 0, 0, 0, 0, 0, 1, 0, ''),
(14, 'Стекловолокно', 1, 1, 50, 50, 13, 0, 10, ''),
(18, 'Esthet-X A2', 1, 1, 450, 450, 15, 0, 10, ''),
(19, 'Анестетики', 0, 0, 0, 0, 0, 1, 0, ''),
(20, 'Septonest 1:200 000', 5, 50, 680, 13.6, 19, 0, 5, ''),
(21, 'Терапевт. инстр.', 0, 0, 0, 0, 0, 1, 0, ''),
(22, 'Зонд', 1, 1, 50, 50, 21, 0, 5, '');

-- --------------------------------------------------------

-- 
-- Структура таблицы `mater_avto_spis`
-- 

CREATE TABLE `mater_avto_spis` (
  `id` int(11) NOT NULL auto_increment,
  `manip` int(11) NOT NULL default '0',
  `mater` int(11) NOT NULL default '0',
  `mesto_hr` int(11) NOT NULL default '0',
  PRIMARY KEY  (`id`)
) TYPE=MyISAM COMMENT='Автосписание. Соответствие материалов' AUTO_INCREMENT=3 ;

-- 
-- Дамп данных таблицы `mater_avto_spis`
-- 

INSERT INTO `mater_avto_spis` (`id`, `manip`, `mater`, `mesto_hr`) VALUES (2, 20, 14, 3);

-- --------------------------------------------------------

-- 
-- Структура таблицы `mater_order`
-- 

CREATE TABLE `mater_order` (
  `id` int(11) NOT NULL auto_increment,
  `date` date NOT NULL default '0000-00-00',
  PRIMARY KEY  (`id`)
) TYPE=MyISAM COMMENT='Заказы материалов' AUTO_INCREMENT=3 ;

-- 
-- Дамп данных таблицы `mater_order`
-- 

INSERT INTO `mater_order` (`id`, `date`) VALUES (1, '2007-06-12'),
(2, '2007-06-12');

-- --------------------------------------------------------

-- 
-- Структура таблицы `mater_order_sootv`
-- 

CREATE TABLE `mater_order_sootv` (
  `id` int(11) NOT NULL auto_increment,
  `mater_order` int(11) NOT NULL default '0',
  `mater` int(11) NOT NULL default '0',
  `mater_name` varchar(100) NOT NULL default '',
  `kolvo` int(11) NOT NULL default '0',
  `price` float NOT NULL default '0',
  `new` int(11) NOT NULL default '0',
  PRIMARY KEY  (`id`)
) TYPE=MyISAM COMMENT='Материалы в заказе' AUTO_INCREMENT=5 ;

-- 
-- Дамп данных таблицы `mater_order_sootv`
-- 

INSERT INTO `mater_order_sootv` (`id`, `mater_order`, `mater`, `mater_name`, `kolvo`, `price`, `new`) VALUES (1, 2, 14, '0', 1, 50, 0),
(2, 2, 22, '0', 1, 50, 0),
(3, 2, 16, '0', 8, 1018.75, 0),
(4, 2, 0, 'Гладилка икрадент', 6, 320, 1);

-- --------------------------------------------------------

-- 
-- Структура таблицы `mater_prih`
-- 

CREATE TABLE `mater_prih` (
  `id` int(11) NOT NULL auto_increment,
  `mater` int(11) NOT NULL default '0',
  `prih` int(11) NOT NULL default '0',
  `kol-vo` int(11) NOT NULL default '0',
  `Price` float NOT NULL default '0',
  PRIMARY KEY  (`id`)
) TYPE=MyISAM COMMENT='Приходы в материале' AUTO_INCREMENT=23 ;

-- 
-- Дамп данных таблицы `mater_prih`
-- 

INSERT INTO `mater_prih` (`id`, `mater`, `prih`, `kol-vo`, `Price`) VALUES (17, 12, 14, 500, 20.4),
(16, 11, 14, 25, 20),
(19, 16, 16, 24, 1062.5),
(18, 14, 15, 8, 25),
(20, 20, 17, 150, 13.6),
(21, 14, 17, 50, 200),
(22, 22, 18, 10, 50);

-- --------------------------------------------------------

-- 
-- Структура таблицы `mater_spis`
-- 

CREATE TABLE `mater_spis` (
  `id` int(11) NOT NULL auto_increment,
  `date` date NOT NULL default '0000-00-00',
  `mesto_hr` int(11) NOT NULL default '0',
  PRIMARY KEY  (`id`)
) TYPE=MyISAM COMMENT='Списание материалов' AUTO_INCREMENT=5 ;

-- 
-- Дамп данных таблицы `mater_spis`
-- 

INSERT INTO `mater_spis` (`id`, `date`, `mesto_hr`) VALUES (4, '2007-04-15', 2);

-- --------------------------------------------------------

-- 
-- Структура таблицы `mater_spis_soot`
-- 

CREATE TABLE `mater_spis_soot` (
  `id` int(11) NOT NULL auto_increment,
  `mater_spis` int(11) NOT NULL default '0',
  `mater` int(11) NOT NULL default '0',
  `kolvo` int(11) NOT NULL default '0',
  PRIMARY KEY  (`id`)
) TYPE=MyISAM COMMENT='Списания атериалов, соответствия' AUTO_INCREMENT=4 ;

-- 
-- Дамп данных таблицы `mater_spis_soot`
-- 

INSERT INTO `mater_spis_soot` (`id`, `mater_spis`, `mater`, `kolvo`) VALUES (3, 4, 14, 2);

-- --------------------------------------------------------

-- 
-- Структура таблицы `mater_vid`
-- 

CREATE TABLE `mater_vid` (
  `id` int(11) NOT NULL auto_increment,
  `vid_mater` int(11) NOT NULL default '0',
  `mater` int(11) NOT NULL default '0',
  `Kol-vo` float NOT NULL default '0',
  `Price` float NOT NULL default '0',
  PRIMARY KEY  (`id`)
) TYPE=MyISAM COMMENT='Список материлов к выдаче' AUTO_INCREMENT=7 ;

-- 
-- Дамп данных таблицы `mater_vid`
-- 

INSERT INTO `mater_vid` (`id`, `vid_mater`, `mater`, `Kol-vo`, `Price`) VALUES (4, 3, 16, 8, 1018.75),
(3, 2, 12, 25, 26),
(5, 4, 14, 5, 50),
(6, 5, 16, 8, 1018.75);

-- --------------------------------------------------------

-- 
-- Структура таблицы `medcard`
-- 

CREATE TABLE `medcard` (
  `id` int(11) NOT NULL auto_increment,
  `date` date NOT NULL default '0000-00-00',
  `PatID` int(11) NOT NULL default '0',
  `ADVid` int(11) NOT NULL default '0',
  `ADZnach` varchar(10) NOT NULL default '0',
  `prik` int(11) NOT NULL default '0',
  `perv` int(11) NOT NULL default '0',
  PRIMARY KEY  (`id`)
) TYPE=MyISAM COMMENT='Медицнская карта здоровья' AUTO_INCREMENT=22 ;

-- 
-- Дамп данных таблицы `medcard`
-- 

INSERT INTO `medcard` (`id`, `date`, `PatID`, `ADVid`, `ADZnach`, `prik`, `perv`) VALUES (1, '2007-03-13', 2, 1, '120/80', 1, 0),
(2, '2007-03-14', 8, 2, '190/110', 2, 1),
(7, '2007-03-14', 9, 2, '150/100', 1, 1),
(8, '2007-03-20', 5, 1, '120/80', 1, 0),
(9, '2007-03-22', 7, 1, '120/80', 1, 0),
(10, '2007-03-25', 1, 1, '120/80', 1, 0),
(11, '2007-03-25', 6, 1, '120/80', 1, 0),
(12, '2007-03-27', 10, 2, '150/100', 1, 1),
(13, '2007-03-27', 11, 1, '120/80', 1, 1),
(14, '2007-03-27', 11, 1, '120/80', 1, 1),
(15, '2007-03-27', 11, 1, '120/80', 1, 1),
(16, '2007-06-04', 12, 1, '120/80', 1, 1),
(17, '2007-06-04', 12, 1, '120/80', 1, 1),
(18, '2007-06-04', 12, 1, '120/80', 1, 1),
(19, '2007-06-04', 15, 3, '120/80', 1, 1),
(20, '2007-06-04', 15, 1, '120/80', 1, 1),
(21, '2007-06-04', 14, 1, '120/80', 1, 1);

-- --------------------------------------------------------

-- 
-- Структура таблицы `mesta_hr`
-- 

CREATE TABLE `mesta_hr` (
  `id` int(11) NOT NULL auto_increment,
  `nazv` varchar(30) NOT NULL default '',
  `mol` int(11) NOT NULL default '0',
  `osn` int(11) NOT NULL default '0',
  PRIMARY KEY  (`id`)
) TYPE=MyISAM COMMENT='Места хранения' AUTO_INCREMENT=5 ;

-- 
-- Дамп данных таблицы `mesta_hr`
-- 

INSERT INTO `mesta_hr` (`id`, `nazv`, `mol`, `osn`) VALUES (2, 'Основной склад', 10, 1),
(3, 'Орто-премьер', 10, 0),
(4, '3й кабинет', 10, 0);

-- --------------------------------------------------------

-- 
-- Структура таблицы `nazn`
-- 

CREATE TABLE `nazn` (
  `Id` int(11) NOT NULL auto_increment,
  `Perv` int(11) NOT NULL default '0',
  `PatID` int(11) NOT NULL default '0',
  `dayPR` int(11) NOT NULL default '0',
  `NachNaz` time NOT NULL default '00:00:00',
  `OkonchNaz` time NOT NULL default '00:00:00',
  `SoderzhNaz` int(11) NOT NULL default '0',
  `RezObzv` int(11) NOT NULL default '5',
  `Yavka` int(11) NOT NULL default '0',
  PRIMARY KEY  (`Id`)
) TYPE=MyISAM COMMENT='Назначения на приём' AUTO_INCREMENT=138 ;

-- 
-- Дамп данных таблицы `nazn`
-- 

INSERT INTO `nazn` (`Id`, `Perv`, `PatID`, `dayPR`, `NachNaz`, `OkonchNaz`, `SoderzhNaz`, `RezObzv`, `Yavka`) VALUES (46, 0, 1, 19, '12:00:00', '12:15:00', 2, 5, 0),
(44, 1, 11, 18, '12:30:00', '13:00:00', 2, 1, 1),
(43, 1, 10, 18, '13:00:00', '13:30:00', 1, 1, 1),
(42, 0, 1, 17, '08:00:00', '08:45:00', 1, 5, 0),
(47, 0, 6, 21, '14:00:00', '14:30:00', 2, 5, 0),
(48, 0, 8, 21, '14:30:00', '15:00:00', 1, 5, 0),
(49, 0, 1, 22, '08:00:00', '08:15:00', 1, 5, 0),
(50, 0, 3, 23, '12:00:00', '12:15:00', 1, 5, 1),
(52, 0, 9, 24, '08:00:00', '08:30:00', 1, 5, 0),
(53, 0, 6, 24, '08:30:00', '08:45:00', 1, 5, 0),
(54, 0, 8, 24, '08:45:00', '09:00:00', 1, 5, 0),
(55, 0, 9, 23, '12:15:00', '12:30:00', 1, 5, 0),
(56, 0, 6, 25, '12:00:00', '12:15:00', 1, 5, 0),
(57, 0, 5, 25, '12:15:00', '12:30:00', 1, 5, 0),
(58, 0, 9, 25, '12:30:00', '12:45:00', 2, 5, 0),
(62, 0, 8, 26, '08:15:00', '08:30:00', 1, 5, 0),
(61, 0, 1, 26, '08:00:00', '08:15:00', 1, 5, 0),
(63, 0, 6, 26, '08:30:00', '08:45:00', 1, 5, 0),
(64, 0, 10, 26, '08:00:00', '08:15:00', 1, 5, 0),
(65, 0, 6, 26, '08:45:00', '09:00:00', 1, 5, 0),
(66, 0, 1, 27, '12:00:00', '12:15:00', 1, 5, 0),
(67, 0, 1, 28, '12:00:00', '12:45:00', 1, 5, 0),
(68, 0, 6, 29, '12:00:00', '12:45:00', 1, 5, 0),
(69, 0, 5, 30, '08:00:00', '08:15:00', 1, 5, 0),
(70, 0, 9, 30, '08:15:00', '08:30:00', 1, 5, 0),
(72, 0, 9, 31, '12:00:00', '12:45:00', 2, 5, 0),
(73, 0, 2, 31, '12:45:00', '13:00:00', 1, 5, 0),
(74, 0, 9, 32, '12:00:00', '12:15:00', 1, 5, 0),
(75, 0, 9, 33, '12:00:00', '12:15:00', 1, 5, 0),
(76, 0, 1, 33, '12:15:00', '13:00:00', 1, 5, 0),
(82, 1, 14, 34, '11:00:00', '11:15:00', 1, 5, 0),
(83, 1, 15, 34, '08:00:00', '10:00:00', 3, 5, 1),
(86, 0, 18, 35, '08:00:00', '09:00:00', 2, 1, 0),
(87, 0, 16, 35, '09:00:00', '10:00:00', 2, 1, 0),
(81, 1, 13, 35, '10:30:00', '13:00:00', 3, 5, 0),
(88, 1, 19, 36, '14:00:00', '07:00:00', 2, 5, 0),
(89, 1, 20, 36, '15:00:00', '15:15:00', 2, 5, 0),
(90, 1, 21, 36, '15:30:00', '16:00:00', 1, 5, 0),
(91, 1, 22, 36, '16:00:00', '16:30:00', 1, 5, 0),
(92, 1, 23, 36, '16:30:00', '17:00:00', 1, 5, 0),
(93, 1, 24, 36, '17:00:00', '17:30:00', 1, 5, 0),
(94, 1, 25, 36, '17:30:00', '18:00:00', 1, 5, 0),
(95, 1, 26, 36, '18:00:00', '19:00:00', 1, 5, 0),
(96, 1, 27, 37, '08:00:00', '08:30:00', 1, 5, 0),
(97, 1, 28, 37, '08:30:00', '09:00:00', 1, 5, 0),
(98, 1, 29, 37, '09:00:00', '09:45:00', 1, 5, 0),
(99, 1, 30, 37, '09:45:00', '10:30:00', 1, 5, 0),
(100, 1, 31, 37, '11:00:00', '11:45:00', 1, 5, 0),
(101, 1, 32, 37, '11:45:00', '12:00:00', 1, 5, 0),
(102, 1, 33, 37, '12:00:00', '13:00:00', 1, 5, 0),
(103, 1, 19, 37, '13:00:00', '13:30:00', 1, 5, 0),
(104, 1, 35, 37, '13:30:00', '14:00:00', 1, 5, 0),
(105, 1, 37, 38, '08:00:00', '10:00:00', 2, 1, 0),
(106, 1, 38, 38, '10:00:00', '10:30:00', 1, 1, 0),
(107, 1, 39, 38, '10:30:00', '11:00:00', 1, 1, 0),
(108, 1, 40, 38, '11:00:00', '12:00:00', 2, 1, 0),
(109, 1, 41, 38, '12:00:00', '13:00:00', 2, 5, 1),
(110, 1, 42, 38, '13:00:00', '14:00:00', 2, 1, 0),
(111, 1, 43, 39, '14:00:00', '15:00:00', 2, 5, 0),
(112, 1, 44, 39, '15:00:00', '16:00:00', 1, 5, 0),
(113, 1, 45, 39, '16:00:00', '17:00:00', 2, 5, 0),
(114, 1, 46, 39, '17:00:00', '17:30:00', 1, 5, 0),
(115, 1, 47, 39, '17:30:00', '18:00:00', 1, 5, 0),
(116, 1, 48, 39, '18:00:00', '18:30:00', 1, 5, 0),
(117, 1, 49, 39, '18:30:00', '19:00:00', 1, 5, 0),
(118, 1, 50, 39, '19:00:00', '20:00:00', 1, 5, 0),
(119, 1, 51, 40, '09:00:00', '10:00:00', 2, 5, 0),
(120, 1, 52, 40, '10:00:00', '11:00:00', 1, 5, 0),
(121, 1, 53, 40, '12:00:00', '13:00:00', 1, 5, 0),
(122, 1, 54, 40, '13:00:00', '13:30:00', 1, 5, 0),
(123, 1, 55, 41, '10:00:00', '11:00:00', 2, 5, 0),
(124, 1, 56, 41, '12:00:00', '13:00:00', 2, 5, 0),
(125, 1, 57, 42, '14:00:00', '15:00:00', 2, 5, 0),
(126, 1, 58, 42, '17:00:00', '18:00:00', 2, 5, 0),
(127, 1, 59, 35, '10:00:00', '10:30:00', 4, 1, 0),
(128, 1, 60, 43, '14:00:00', '14:30:00', 1, 5, 0),
(129, 0, 15, 43, '14:30:00', '16:00:00', 2, 5, 0),
(130, 1, 61, 44, '14:00:00', '14:15:00', 1, 5, 0),
(131, 0, 49, 45, '14:00:00', '14:15:00', 1, 5, 0),
(132, 1, 66, 45, '14:15:00', '14:30:00', 1, 5, 0),
(133, 1, 67, 45, '14:30:00', '14:45:00', 4, 4, 0),
(134, 1, 68, 45, '14:45:00', '15:00:00', 1, 5, 0),
(135, 0, 52, 42, '15:00:00', '15:15:00', 1, 5, 0),
(136, 1, 70, 46, '14:00:00', '14:15:00', 1, 5, 0),
(137, 0, 69, 47, '08:00:00', '08:15:00', 1, 1, 0);

-- --------------------------------------------------------

-- 
-- Структура таблицы `nzuba`
-- 

CREATE TABLE `nzuba` (
  `id` int(11) NOT NULL auto_increment,
  `NZuba` int(11) NOT NULL default '0',
  `prik` int(11) NOT NULL default '0',
  PRIMARY KEY  (`id`)
) TYPE=MyISAM COMMENT='Номер зуба' AUTO_INCREMENT=53 ;

-- 
-- Дамп данных таблицы `nzuba`
-- 

INSERT INTO `nzuba` (`id`, `NZuba`, `prik`) VALUES (1, 18, 1),
(2, 17, 1),
(3, 16, 1),
(4, 15, 1),
(5, 14, 1),
(6, 13, 1),
(7, 12, 1),
(8, 11, 1),
(9, 21, 1),
(10, 22, 1),
(11, 23, 1),
(12, 24, 1),
(13, 25, 1),
(14, 26, 1),
(15, 27, 1),
(16, 28, 1),
(17, 38, 1),
(18, 37, 1),
(19, 36, 1),
(20, 35, 1),
(21, 34, 1),
(22, 33, 1),
(23, 32, 1),
(24, 31, 1),
(25, 41, 1),
(26, 42, 1),
(27, 43, 1),
(28, 44, 1),
(29, 45, 1),
(30, 46, 1),
(31, 47, 1),
(32, 48, 1),
(33, 55, 2),
(34, 54, 2),
(35, 53, 2),
(36, 52, 2),
(37, 51, 2),
(38, 61, 2),
(39, 62, 2),
(40, 63, 2),
(41, 64, 2),
(42, 65, 2),
(43, 75, 2),
(44, 74, 2),
(45, 73, 2),
(46, 72, 2),
(47, 71, 2),
(48, 81, 2),
(49, 82, 2),
(50, 83, 2),
(51, 84, 2),
(52, 85, 2);

-- --------------------------------------------------------

-- 
-- Структура таблицы `ob`
-- 

CREATE TABLE `ob` (
  `id` int(11) NOT NULL auto_increment,
  `ob` varchar(100) NOT NULL default '',
  PRIMARY KEY  (`id`)
) TYPE=MyISAM COMMENT='Объективно' AUTO_INCREMENT=14 ;

-- 
-- Дамп данных таблицы `ob`
-- 

INSERT INTO `ob` (`id`, `ob`) VALUES (1, 'На жевательной поверхности'),
(2, 'На медиальной поверхности'),
(3, 'На дистальной поверхности'),
(4, 'На вестибулярной поверхности'),
(5, 'На оральной поверхности'),
(6, 'кариозная полость'),
(7, 'глубокая'),
(8, 'среднй глубины'),
(9, 'дно плотное'),
(10, 'дно размягчённое'),
(11, 'реакция на температурные раздражители безболезненная'),
(12, 'реакция на температурные раздражители болезненная, быстропроходящая'),
(13, 'рекция на температурные раздражители болезненная, быстропроходящая');

-- --------------------------------------------------------

-- 
-- Структура таблицы `oper_vid`
-- 

CREATE TABLE `oper_vid` (
  `id` int(11) NOT NULL auto_increment,
  `naim` varchar(25) NOT NULL default '',
  `znak` int(11) NOT NULL default '0',
  PRIMARY KEY  (`id`)
) TYPE=MyISAM COMMENT='Виды операций' AUTO_INCREMENT=7 ;

-- 
-- Дамп данных таблицы `oper_vid`
-- 

INSERT INTO `oper_vid` (`id`, `naim`, `znak`) VALUES (1, 'Снятие кассы', -1),
(2, 'На сотовый телефон', -1),
(3, 'На медикаменты', -1),
(4, 'На получение груза', -1),
(5, 'Другое', -1),
(6, 'Внесение аванса', 1);

-- --------------------------------------------------------

-- 
-- Структура таблицы `opl_firm`
-- 

CREATE TABLE `opl_firm` (
  `id` int(11) NOT NULL auto_increment,
  `firm` int(11) NOT NULL default '0',
  `opl` int(11) NOT NULL default '0',
  PRIMARY KEY  (`id`)
) TYPE=MyISAM COMMENT='Оплаты по договорам' AUTO_INCREMENT=7 ;

-- 
-- Дамп данных таблицы `opl_firm`
-- 

INSERT INTO `opl_firm` (`id`, `firm`, `opl`) VALUES (1, 2, 1320),
(2, 2, 260),
(3, 2, 100),
(4, 2, 10000),
(5, 2, 100),
(6, 2, 100);

-- --------------------------------------------------------

-- 
-- Структура таблицы `opl_vid`
-- 

CREATE TABLE `opl_vid` (
  `id` int(11) NOT NULL auto_increment,
  `vid` varchar(50) NOT NULL default '',
  PRIMARY KEY  (`id`)
) TYPE=MyISAM COMMENT='Виды оплаты' AUTO_INCREMENT=4 ;

-- 
-- Дамп данных таблицы `opl_vid`
-- 

INSERT INTO `opl_vid` (`id`, `vid`) VALUES (1, 'Наличные'),
(2, 'По договору'),
(3, 'Из аванса');

-- --------------------------------------------------------

-- 
-- Структура таблицы `oplata`
-- 

CREATE TABLE `oplata` (
  `id` int(11) NOT NULL auto_increment,
  `date` date NOT NULL default '0000-00-00',
  `time` time NOT NULL default '00:00:00',
  `dnev` int(11) NOT NULL default '0',
  `vnes` int(11) NOT NULL default '0',
  `VidOpl` int(11) NOT NULL default '0',
  `podr` int(11) NOT NULL default '1',
  PRIMARY KEY  (`id`)
) TYPE=MyISAM COMMENT='Оплаты' AUTO_INCREMENT=42 ;

-- 
-- Дамп данных таблицы `oplata`
-- 

INSERT INTO `oplata` (`id`, `date`, `time`, `dnev`, `vnes`, `VidOpl`, `podr`) VALUES (28, '2007-03-28', '20:08:00', 79, 100, 2, 1),
(26, '2007-03-28', '20:00:00', 79, 100, 2, 1),
(25, '2007-03-27', '19:59:00', 78, 880, 1, 1),
(24, '2007-03-27', '12:57:00', 76, 500, 1, 1),
(29, '2007-04-16', '19:07:00', 89, 1368, 1, 1),
(30, '2007-04-16', '20:04:00', 90, 1368, 1, 1),
(31, '2007-04-16', '20:05:00', 91, 1368, 1, 1),
(32, '2007-04-16', '20:06:00', 92, 2520, 1, 1),
(33, '2007-06-01', '10:04:00', 95, 500, 1, 1),
(34, '2007-06-04', '10:55:00', 104, 1390, 1, 1),
(35, '2007-06-04', '11:03:00', 106, 480, 1, 1),
(36, '2007-06-04', '11:03:00', 105, 387, 1, 1),
(37, '2007-06-04', '11:53:00', 110, 1310, 1, 1),
(38, '2007-06-04', '15:14:00', 111, 1300, 1, 1),
(39, '2007-06-04', '15:15:00', 111, 0, 1, 1),
(40, '2007-06-04', '15:16:00', 111, -30, 1, 2),
(41, '2007-06-04', '15:20:00', 87, 2220, 1, 1);

-- --------------------------------------------------------

-- 
-- Структура таблицы `osmotr`
-- 

CREATE TABLE `osmotr` (
  `id` int(11) NOT NULL auto_increment,
  `Date` date NOT NULL default '0000-00-00',
  `Perv` int(11) NOT NULL default '0',
  `Pat` int(11) NOT NULL default '0',
  PRIMARY KEY  (`id`)
) TYPE=MyISAM COMMENT='Осмотры' AUTO_INCREMENT=22 ;

-- 
-- Дамп данных таблицы `osmotr`
-- 

INSERT INTO `osmotr` (`id`, `Date`, `Perv`, `Pat`) VALUES (1, '2007-03-13', 0, 2),
(7, '2007-03-14', 1, 9),
(6, '2007-03-14', 1, 8),
(8, '2007-03-20', 0, 5),
(9, '2007-03-22', 0, 7),
(10, '2007-03-25', 0, 1),
(11, '2007-03-25', 0, 6),
(12, '2007-03-27', 1, 10),
(13, '2007-03-27', 1, 11),
(14, '2007-03-27', 1, 11),
(15, '2007-03-27', 1, 11),
(16, '2007-06-04', 1, 12),
(17, '2007-06-04', 1, 12),
(18, '2007-06-04', 1, 12),
(19, '2007-06-04', 1, 15),
(20, '2007-06-04', 1, 15),
(21, '2007-06-04', 1, 14);

-- --------------------------------------------------------

-- 
-- Структура таблицы `ost_mat`
-- 

CREATE TABLE `ost_mat` (
  `id` int(11) NOT NULL auto_increment,
  `mesto_hr` int(11) NOT NULL default '0',
  `mater` int(11) NOT NULL default '0',
  `ost` float NOT NULL default '0',
  PRIMARY KEY  (`id`)
) TYPE=MyISAM COMMENT='Остатки маериалаов по местам хранения' AUTO_INCREMENT=17 ;

-- 
-- Дамп данных таблицы `ost_mat`
-- 

INSERT INTO `ost_mat` (`id`, `mesto_hr`, `mater`, `ost`) VALUES (1, 2, 11, 50),
(3, 2, 12, 500),
(11, 2, 16, 8),
(10, 2, 14, 51),
(9, 3, 12, 25),
(12, 3, 16, 16),
(13, 3, 14, 2),
(16, 2, 22, 10);

-- --------------------------------------------------------

-- 
-- Структура таблицы `podr`
-- 

CREATE TABLE `podr` (
  `id` int(11) NOT NULL auto_increment,
  `nazv` varchar(50) NOT NULL default '',
  PRIMARY KEY  (`id`)
) TYPE=MyISAM COMMENT='Финвнсовые подразделения' AUTO_INCREMENT=3 ;

-- 
-- Дамп данных таблицы `podr`
-- 

INSERT INTO `podr` (`id`, `nazv`) VALUES (2, 'ЧП Черненко'),
(1, 'Орто-премьер');

-- --------------------------------------------------------

-- 
-- Структура таблицы `pr_avans`
-- 

CREATE TABLE `pr_avans` (
  `id` int(11) NOT NULL auto_increment,
  `date` date NOT NULL default '0000-00-00',
  `time` time NOT NULL default '00:00:00',
  `pat` int(11) NOT NULL default '0',
  `summ` int(11) NOT NULL default '0',
  PRIMARY KEY  (`id`)
) TYPE=MyISAM COMMENT='Приём авансов' AUTO_INCREMENT=8 ;

-- 
-- Дамп данных таблицы `pr_avans`
-- 

INSERT INTO `pr_avans` (`id`, `date`, `time`, `pat`, `summ`) VALUES (6, '2007-03-27', '20:03:00', 7, 15000),
(7, '2007-06-04', '16:09:00', 1, 2000);

-- --------------------------------------------------------

-- 
-- Структура таблицы `preysk`
-- 

CREATE TABLE `preysk` (
  `id` int(11) NOT NULL auto_increment,
  `preysk` varchar(50) NOT NULL default '',
  PRIMARY KEY  (`id`)
) TYPE=MyISAM COMMENT='Прейскуранты' AUTO_INCREMENT=5 ;

-- 
-- Дамп данных таблицы `preysk`
-- 

INSERT INTO `preysk` (`id`, `preysk`) VALUES (1, 'Терапевтическое лечение'),
(3, 'Ортодонтическое лечение'),
(4, 'Ортопедическое лечение');

-- --------------------------------------------------------

-- 
-- Структура таблицы `prih`
-- 

CREATE TABLE `prih` (
  `id` int(11) NOT NULL auto_increment,
  `date` date NOT NULL default '0000-00-00',
  PRIMARY KEY  (`id`)
) TYPE=MyISAM COMMENT='Приходы материала' AUTO_INCREMENT=19 ;

-- 
-- Дамп данных таблицы `prih`
-- 

INSERT INTO `prih` (`id`, `date`) VALUES (16, '2007-04-10'),
(14, '2007-04-09'),
(15, '2007-04-09'),
(17, '2007-04-24'),
(18, '2007-04-24');

-- --------------------------------------------------------

-- 
-- Структура таблицы `rabmesto`
-- 

CREATE TABLE `rabmesto` (
  `id` int(11) NOT NULL auto_increment,
  `nazv` varchar(10) NOT NULL default '',
  PRIMARY KEY  (`id`)
) TYPE=MyISAM COMMENT='Рабочие места' AUTO_INCREMENT=4 ;

-- 
-- Дамп данных таблицы `rabmesto`
-- 

INSERT INTO `rabmesto` (`id`, `nazv`) VALUES (1, 'Кабинет 1'),
(2, 'Кабинет 2'),
(3, 'Кабинет 3');

-- --------------------------------------------------------

-- 
-- Структура таблицы `raspis_day`
-- 

CREATE TABLE `raspis_day` (
  `id` int(11) NOT NULL auto_increment,
  `raspis_pack` int(11) NOT NULL default '0',
  `dayN` int(11) NOT NULL default '0',
  `rabmestoID` int(11) NOT NULL default '0',
  `vih` int(11) NOT NULL default '0',
  `nachPr` time NOT NULL default '00:00:00',
  `okonchPr` time NOT NULL default '00:00:00',
  PRIMARY KEY  (`id`)
) TYPE=MyISAM COMMENT='Дни пакетов расписаний' AUTO_INCREMENT=101 ;

-- 
-- Дамп данных таблицы `raspis_day`
-- 

INSERT INTO `raspis_day` (`id`, `raspis_pack`, `dayN`, `rabmestoID`, `vih`, `nachPr`, `okonchPr`) VALUES (79, 35, 7, 1, 1, '08:00:00', '20:00:00'),
(78, 35, 6, 1, 1, '08:00:00', '20:00:00'),
(77, 35, 5, 1, 1, '08:00:00', '20:00:00'),
(76, 35, 4, 3, 0, '12:00:00', '14:00:00'),
(75, 35, 3, 3, 0, '12:00:00', '14:00:00'),
(74, 35, 2, 1, 1, '08:00:00', '20:00:00'),
(64, 26, 7, 1, 1, '08:00:00', '20:00:00'),
(63, 26, 6, 1, 1, '08:00:00', '20:00:00'),
(62, 26, 5, 1, 0, '14:00:00', '20:00:00'),
(61, 26, 4, 3, 0, '12:00:00', '14:00:00'),
(60, 26, 3, 3, 0, '12:00:00', '14:00:00'),
(59, 26, 2, 2, 0, '08:00:00', '12:00:00'),
(58, 26, 1, 3, 0, '08:00:00', '14:00:00'),
(73, 35, 1, 1, 1, '08:00:00', '20:00:00'),
(80, 36, 1, 3, 0, '14:00:00', '20:00:00'),
(81, 36, 2, 3, 0, '08:00:00', '14:00:00'),
(82, 36, 3, 1, 0, '14:00:00', '20:00:00'),
(83, 36, 4, 1, 0, '08:00:00', '12:00:00'),
(84, 36, 5, 1, 1, '08:00:00', '20:00:00'),
(85, 36, 6, 1, 1, '08:00:00', '20:00:00'),
(86, 36, 7, 1, 1, '08:00:00', '20:00:00'),
(87, 37, 1, 1, 0, '08:00:00', '14:00:00'),
(88, 37, 2, 1, 0, '14:00:00', '20:00:00'),
(89, 37, 3, 1, 0, '08:00:00', '14:00:00'),
(90, 37, 4, 1, 0, '14:00:00', '20:00:00'),
(91, 37, 5, 1, 0, '08:00:00', '14:00:00'),
(92, 37, 6, 1, 1, '08:00:00', '20:00:00'),
(93, 37, 7, 1, 1, '08:00:00', '20:00:00'),
(94, 38, 1, 1, 0, '14:00:00', '20:00:00'),
(95, 38, 2, 1, 0, '08:00:00', '14:00:00'),
(96, 38, 3, 1, 0, '14:00:00', '20:00:00'),
(97, 38, 4, 1, 0, '08:00:00', '14:00:00'),
(98, 38, 5, 1, 0, '08:00:00', '14:00:00'),
(99, 38, 6, 1, 1, '08:00:00', '20:00:00'),
(100, 38, 7, 1, 1, '08:00:00', '20:00:00');

-- --------------------------------------------------------

-- 
-- Структура таблицы `raspis_pack`
-- 

CREATE TABLE `raspis_pack` (
  `id` int(11) NOT NULL auto_increment,
  `DateD` date NOT NULL default '0000-00-00',
  `vrachID` int(11) NOT NULL default '0',
  `prodpr` int(11) NOT NULL default '0',
  PRIMARY KEY  (`id`),
  KEY `id` (`id`),
  KEY `id_2` (`id`)
) TYPE=MyISAM COMMENT='Пакеты расписаний' AUTO_INCREMENT=39 ;

-- 
-- Дамп данных таблицы `raspis_pack`
-- 

INSERT INTO `raspis_pack` (`id`, `DateD`, `vrachID`, `prodpr`) VALUES (26, '2007-02-19', 1, 30),
(35, '2007-02-28', 3, 30),
(36, '2007-06-04', 2, 30),
(37, '2007-06-04', 5, 30),
(38, '2007-06-04', 7, 30);

-- --------------------------------------------------------

-- 
-- Структура таблицы `razd`
-- 

CREATE TABLE `razd` (
  `id` int(11) NOT NULL auto_increment,
  `Razd` varchar(50) NOT NULL default '',
  PRIMARY KEY  (`id`)
) TYPE=MyISAM COMMENT='Разделы стоматологии' AUTO_INCREMENT=4 ;

-- 
-- Дамп данных таблицы `razd`
-- 

INSERT INTO `razd` (`id`, `Razd`) VALUES (1, 'Ортодонтия'),
(2, 'Ортопедическая стоматология'),
(3, 'Терапевтическая стоматология');

-- --------------------------------------------------------

-- 
-- Структура таблицы `rezobzv`
-- 

CREATE TABLE `rezobzv` (
  `id` int(11) NOT NULL auto_increment,
  `RezObzv` varchar(20) NOT NULL default '',
  PRIMARY KEY  (`id`)
) TYPE=MyISAM COMMENT='Результаты обзвона' AUTO_INCREMENT=6 ;

-- 
-- Дамп данных таблицы `rezobzv`
-- 

INSERT INTO `rezobzv` (`id`, `RezObzv`) VALUES (1, 'Явка'),
(4, 'Не дозвонились'),
(5, 'Не звонили');

-- --------------------------------------------------------

-- 
-- Структура таблицы `skidka`
-- 

CREATE TABLE `skidka` (
  `id` int(11) NOT NULL auto_increment,
  `naimenov` varchar(20) NOT NULL default '',
  `uslov` text NOT NULL,
  `proc` int(2) NOT NULL default '0',
  `uslugi` char(1) NOT NULL default '',
  PRIMARY KEY  (`id`),
  KEY `naimenov` (`naimenov`)
) TYPE=MyISAM COMMENT='Скидки' AUTO_INCREMENT=6 ;

-- 
-- Дамп данных таблицы `skidka`
-- 

INSERT INTO `skidka` (`id`, `naimenov`, `uslov`, `proc`, `uslugi`) VALUES (0, 'Нет скидки', '', 0, ''),
(1, 'Врачам', '', 10, ''),
(3, 'Преподавтелям', '', 10, ''),
(4, 'Учащимся', '', 5, ''),
(2, 'Ветеранам труда', '', 10, '');

-- --------------------------------------------------------

-- 
-- Структура таблицы `sn_kass`
-- 

CREATE TABLE `sn_kass` (
  `id` int(11) NOT NULL auto_increment,
  `smena` int(11) NOT NULL default '0',
  `znak` int(11) NOT NULL default '0',
  `summ` int(11) NOT NULL default '0',
  `oper` int(11) NOT NULL default '0',
  `otv` int(11) NOT NULL default '0',
  PRIMARY KEY  (`id`)
) TYPE=MyISAM COMMENT='Операции в кассе' AUTO_INCREMENT=32 ;

-- 
-- Дамп данных таблицы `sn_kass`
-- 

INSERT INTO `sn_kass` (`id`, `smena`, `znak`, `summ`, `oper`, `otv`) VALUES (1, 5, -1, 200, 1, 0),
(2, 0, 1, 5000, 6, 0),
(3, 0, 1, 6000, 6, 0),
(4, 0, 1, 6000, 6, 0),
(5, 6, 1, 6000, 6, 0),
(6, 6, 1, 8000, 6, 0),
(7, 6, 1, 8000, 6, 0),
(8, 6, -1, 16450, 1, 0),
(9, 7, -1, 50, 1, 0),
(10, 7, -1, 47, 1, 0),
(11, 7, -1, 40, 1, 0),
(12, 7, -1, 40, 1, 0),
(13, 7, -1, 40, 1, 0),
(14, 7, -1, 15000, 1, 0),
(15, 7, -1, 14000, 2, 0),
(16, 7, -1, 13920, 2, 3),
(17, 7, 1, 5000, 6, 0),
(18, 7, -1, 30000, 0, 0),
(19, 8, -1, 16000, 0, 0),
(20, 9, -1, 10000, 0, 0),
(21, 10, -1, 580, 1, 10),
(22, 10, -1, 70, 0, 0),
(23, 11, -1, 0, 0, 0),
(24, 12, -1, 5000, 0, 0),
(25, 13, -1, 0, 0, 0),
(26, 14, -1, 2646, 1, 10),
(27, 14, -1, 0, 0, 0),
(28, 15, -1, 9513, 1, 2),
(29, 15, -1, 4147, 0, 0),
(30, 16, -1, 136, 0, 0),
(31, 17, -1, 0, 0, 0);

-- --------------------------------------------------------

-- 
-- Структура таблицы `soderzhnaz`
-- 

CREATE TABLE `soderzhnaz` (
  `id` int(11) NOT NULL auto_increment,
  `SoderzhNaz` varchar(20) NOT NULL default '',
  PRIMARY KEY  (`id`)
) TYPE=MyISAM COMMENT='Содержение назначения' AUTO_INCREMENT=5 ;

-- 
-- Дамп данных таблицы `soderzhnaz`
-- 

INSERT INTO `soderzhnaz` (`id`, `SoderzhNaz`) VALUES (1, 'Консультация'),
(2, 'Лечение кариеса'),
(3, 'Эндодонтия'),
(4, 'Контрольный осмотр');

-- --------------------------------------------------------

-- 
-- Структура таблицы `soot_an`
-- 

CREATE TABLE `soot_an` (
  `id` int(11) NOT NULL auto_increment,
  `ds` int(11) NOT NULL default '0',
  `an` int(11) NOT NULL default '0',
  PRIMARY KEY  (`id`)
) TYPE=MyISAM COMMENT='Соответствия анамнеза' AUTO_INCREMENT=61 ;

-- 
-- Дамп данных таблицы `soot_an`
-- 

INSERT INTO `soot_an` (`id`, `ds`, `an`) VALUES (1, 1, 3),
(2, 1, 2),
(3, 1, 1),
(4, 1, 4),
(5, 1, 5),
(6, 1, 6),
(7, 22, 3),
(8, 22, 2),
(9, 22, 1),
(10, 22, 4),
(11, 22, 5),
(12, 22, 6),
(13, 23, 3),
(14, 23, 2),
(15, 23, 1),
(16, 23, 4),
(17, 23, 5),
(18, 23, 6),
(19, 33, 2),
(20, 33, 1),
(21, 33, 4),
(22, 33, 5),
(23, 33, 6),
(24, 57, 7),
(27, 57, 1),
(28, 57, 4),
(29, 57, 5),
(30, 57, 6),
(31, 59, 7),
(32, 59, 1),
(33, 59, 4),
(34, 59, 5),
(35, 59, 6),
(36, 60, 7),
(37, 60, 1),
(38, 60, 4),
(39, 60, 5),
(40, 60, 6),
(41, 28, 1),
(42, 28, 2),
(43, 28, 4),
(44, 28, 5),
(45, 28, 6),
(48, 29, 7),
(47, 28, 7),
(50, 29, 2),
(51, 29, 1),
(52, 29, 4),
(53, 29, 5),
(54, 29, 6),
(55, 31, 7),
(56, 31, 2),
(57, 31, 1),
(58, 31, 4),
(59, 31, 5),
(60, 31, 6);

-- --------------------------------------------------------

-- 
-- Структура таблицы `soot_ob`
-- 

CREATE TABLE `soot_ob` (
  `id` int(11) NOT NULL auto_increment,
  `ds` int(11) NOT NULL default '0',
  `ob` int(11) NOT NULL default '0',
  PRIMARY KEY  (`id`)
) TYPE=MyISAM COMMENT='Соответствия объективного' AUTO_INCREMENT=8 ;

-- 
-- Дамп данных таблицы `soot_ob`
-- 

INSERT INTO `soot_ob` (`id`, `ds`, `ob`) VALUES (1, 1, 7),
(2, 1, 6),
(3, 1, 4),
(4, 0, 6),
(5, 0, 5),
(6, 0, 2),
(7, 0, 1);

-- --------------------------------------------------------

-- 
-- Структура таблицы `soot_zh`
-- 

CREATE TABLE `soot_zh` (
  `id` int(11) NOT NULL auto_increment,
  `ds` int(11) NOT NULL default '0',
  `zh` int(11) NOT NULL default '0',
  PRIMARY KEY  (`id`),
  KEY `ds` (`ds`)
) TYPE=MyISAM COMMENT='Соответсвие жалоб диагнозам' AUTO_INCREMENT=115 ;

-- 
-- Дамп данных таблицы `soot_zh`
-- 

INSERT INTO `soot_zh` (`id`, `ds`, `zh`) VALUES (1, 28, 1),
(3, 35, 4),
(24, 54, 7),
(23, 54, 8),
(22, 54, 10),
(21, 54, 2),
(20, 54, 1),
(19, 54, 15),
(42, 54, 14),
(12, 29, 10),
(13, 29, 4),
(25, 54, 6),
(15, 29, 8),
(16, 29, 7),
(17, 29, 6),
(26, 54, 11),
(27, 54, 12),
(28, 35, 1),
(29, 35, 2),
(30, 35, 8),
(31, 35, 7),
(32, 35, 6),
(33, 35, 11),
(34, 31, 1),
(35, 31, 11),
(36, 31, 13),
(37, 31, 4),
(38, 31, 2),
(39, 31, 8),
(40, 31, 7),
(41, 31, 6),
(43, 57, 1),
(44, 57, 10),
(45, 57, 12),
(46, 57, 5),
(47, 57, 2),
(48, 57, 8),
(49, 57, 7),
(50, 57, 6),
(51, 57, 14),
(52, 57, 11),
(53, 59, 1),
(54, 59, 12),
(55, 59, 10),
(56, 59, 14),
(57, 59, 6),
(58, 59, 7),
(59, 59, 8),
(60, 59, 2),
(61, 59, 11),
(62, 59, 15),
(63, 57, 15),
(64, 55, 15),
(65, 55, 2),
(66, 55, 8),
(67, 55, 7),
(68, 55, 6),
(69, 55, 14),
(70, 55, 11),
(71, 60, 10),
(72, 60, 15),
(73, 60, 14),
(74, 60, 1),
(75, 60, 2),
(76, 60, 8),
(77, 60, 7),
(78, 60, 6),
(79, 60, 11),
(80, 54, 16),
(81, 55, 16),
(82, 57, 16),
(83, 59, 16),
(84, 60, 16),
(85, 28, 19),
(86, 28, 18),
(91, 28, 22),
(88, 28, 17),
(89, 28, 21),
(90, 28, 15),
(92, 28, 23),
(93, 28, 24),
(94, 28, 25),
(95, 28, 27),
(96, 28, 28),
(97, 28, 29),
(98, 29, 15),
(99, 29, 1),
(100, 29, 17),
(101, 29, 21),
(102, 29, 13),
(103, 29, 2),
(104, 29, 25),
(105, 29, 18),
(106, 29, 27),
(107, 29, 28),
(108, 29, 29),
(109, 31, 32),
(110, 31, 33),
(111, 31, 34),
(112, 31, 35),
(113, 31, 37),
(114, 31, 36);

-- --------------------------------------------------------

-- 
-- Структура таблицы `sopzab`
-- 

CREATE TABLE `sopzab` (
  `id` int(11) NOT NULL auto_increment,
  `zab` varchar(20) NOT NULL default '',
  PRIMARY KEY  (`id`)
) TYPE=MyISAM COMMENT='Сопутствующие заболевания' AUTO_INCREMENT=3 ;

-- 
-- Дамп данных таблицы `sopzab`
-- 

INSERT INTO `sopzab` (`id`, `zab`) VALUES (1, 'Гепатит С'),
(2, 'Туберкулёз');

-- --------------------------------------------------------

-- 
-- Структура таблицы `sopzabmc`
-- 

CREATE TABLE `sopzabmc` (
  `id` int(11) NOT NULL auto_increment,
  `MedCardID` int(11) NOT NULL default '0',
  `ZabolevID` int(11) NOT NULL default '0',
  PRIMARY KEY  (`id`)
) TYPE=MyISAM COMMENT='Сопутсвующие заболев к МК' AUTO_INCREMENT=37 ;

-- 
-- Дамп данных таблицы `sopzabmc`
-- 

INSERT INTO `sopzabmc` (`id`, `MedCardID`, `ZabolevID`) VALUES (30, 2, 2),
(33, 7, 2),
(32, 7, 1),
(31, 2, 1),
(20, 1, 2),
(34, 12, 1),
(35, 13, 1),
(36, 13, 2);

-- --------------------------------------------------------

-- 
-- Структура таблицы `sostzubosm`
-- 

CREATE TABLE `sostzubosm` (
  `id` int(11) NOT NULL auto_increment,
  `NZuba` int(11) NOT NULL default '0',
  `SostZuba` int(11) NOT NULL default '0',
  `Osmotr` int(11) NOT NULL default '0',
  PRIMARY KEY  (`id`)
) TYPE=MyISAM COMMENT='Состояние зуба при осмотре' AUTO_INCREMENT=380 ;

-- 
-- Дамп данных таблицы `sostzubosm`
-- 

INSERT INTO `sostzubosm` (`id`, `NZuba`, `SostZuba`, `Osmotr`) VALUES (1, 2, 10, 1),
(2, 3, 1, 1),
(3, 4, 1, 1),
(4, 5, 10, 1),
(5, 6, 7, 1),
(6, 7, 10, 1),
(7, 8, 10, 1),
(8, 9, 10, 1),
(9, 10, 10, 1),
(10, 11, 10, 1),
(11, 12, 10, 1),
(12, 13, 10, 1),
(13, 14, 10, 1),
(14, 15, 10, 1),
(15, 16, 10, 1),
(16, 17, 10, 1),
(17, 18, 10, 1),
(18, 19, 10, 1),
(19, 20, 10, 1),
(20, 21, 10, 1),
(21, 22, 10, 1),
(22, 23, 10, 1),
(23, 24, 10, 1),
(24, 25, 10, 1),
(25, 26, 10, 1),
(26, 27, 10, 1),
(27, 28, 10, 1),
(28, 29, 10, 1),
(29, 30, 10, 1),
(30, 31, 10, 1),
(31, 32, 10, 1),
(32, 1, 10, 1),
(65, 1, 1, 6),
(66, 2, 1, 6),
(67, 3, 10, 6),
(68, 4, 10, 6),
(69, 5, 10, 6),
(70, 6, 10, 6),
(71, 7, 10, 6),
(72, 8, 10, 6),
(73, 9, 10, 6),
(74, 10, 5, 6),
(75, 11, 5, 6),
(76, 12, 6, 6),
(77, 13, 6, 6),
(78, 14, 5, 6),
(79, 15, 5, 6),
(80, 16, 1, 6),
(81, 17, 10, 6),
(82, 18, 1, 6),
(83, 19, 1, 6),
(84, 20, 10, 6),
(85, 21, 10, 6),
(86, 22, 10, 6),
(87, 23, 10, 6),
(88, 24, 10, 6),
(89, 25, 10, 6),
(90, 26, 10, 6),
(91, 27, 10, 6),
(92, 28, 10, 6),
(93, 29, 1, 6),
(94, 30, 3, 6),
(95, 31, 3, 6),
(96, 32, 1, 6),
(172, 12, 10, 7),
(171, 11, 5, 7),
(170, 10, 6, 7),
(169, 9, 5, 7),
(192, 32, 3, 7),
(191, 31, 3, 7),
(190, 30, 5, 7),
(189, 29, 9, 7),
(188, 28, 8, 7),
(187, 27, 4, 7),
(186, 26, 3, 7),
(185, 25, 3, 7),
(184, 24, 4, 7),
(183, 23, 2, 7),
(182, 22, 9, 7),
(181, 21, 1, 7),
(180, 20, 1, 7),
(179, 19, 10, 7),
(178, 18, 10, 7),
(177, 17, 10, 7),
(176, 16, 7, 7),
(175, 15, 7, 7),
(174, 14, 10, 7),
(173, 13, 10, 7),
(168, 8, 10, 7),
(167, 7, 10, 7),
(166, 6, 10, 7),
(165, 5, 10, 7),
(164, 4, 1, 7),
(163, 3, 1, 7),
(162, 2, 1, 7),
(161, 1, 1, 7),
(193, 1, 1, 9),
(194, 2, 10, 9),
(195, 3, 10, 9),
(196, 4, 10, 9),
(197, 5, 10, 9),
(198, 6, 10, 9),
(199, 7, 10, 9),
(200, 8, 10, 9),
(201, 9, 10, 9),
(202, 10, 10, 9),
(203, 11, 10, 9),
(204, 12, 10, 9),
(205, 13, 10, 9),
(206, 14, 10, 9),
(207, 15, 10, 9),
(208, 16, 10, 9),
(209, 17, 10, 9),
(210, 18, 10, 9),
(211, 19, 10, 9),
(212, 20, 10, 9),
(213, 21, 10, 9),
(214, 22, 10, 9),
(215, 23, 10, 9),
(216, 24, 10, 9),
(217, 25, 10, 9),
(218, 26, 10, 9),
(219, 27, 10, 9),
(220, 28, 10, 9),
(221, 29, 10, 9),
(222, 30, 10, 9),
(223, 31, 10, 9),
(224, 1, 10, 10),
(225, 2, 10, 10),
(226, 3, 10, 10),
(227, 4, 10, 10),
(228, 5, 10, 10),
(229, 6, 10, 10),
(230, 7, 10, 10),
(231, 8, 10, 10),
(232, 9, 10, 10),
(233, 10, 10, 10),
(234, 11, 10, 10),
(235, 12, 10, 10),
(236, 13, 10, 10),
(237, 14, 10, 10),
(238, 15, 10, 10),
(239, 16, 10, 10),
(240, 17, 10, 10),
(241, 18, 10, 10),
(242, 19, 10, 10),
(243, 20, 10, 10),
(244, 21, 10, 10),
(245, 22, 10, 10),
(246, 23, 10, 10),
(247, 24, 10, 10),
(248, 25, 10, 10),
(249, 26, 10, 10),
(250, 27, 10, 10),
(251, 28, 10, 10),
(252, 29, 10, 10),
(253, 30, 10, 10),
(254, 31, 9, 10),
(255, 1, 1, 11),
(256, 2, 10, 11),
(257, 3, 10, 11),
(258, 4, 10, 11),
(259, 5, 10, 11),
(260, 6, 10, 11),
(261, 7, 10, 11),
(262, 8, 1, 11),
(263, 9, 1, 11),
(264, 10, 8, 11),
(265, 11, 2, 11),
(266, 12, 4, 11),
(267, 13, 6, 11),
(268, 14, 1, 11),
(269, 15, 1, 11),
(270, 16, 1, 11),
(271, 17, 1, 11),
(272, 18, 1, 11),
(273, 19, 8, 11),
(274, 20, 7, 11),
(275, 21, 2, 11),
(276, 22, 9, 11),
(277, 23, 10, 11),
(278, 24, 10, 11),
(279, 25, 10, 11),
(280, 26, 10, 11),
(281, 27, 10, 11),
(282, 28, 10, 11),
(283, 29, 10, 11),
(284, 30, 10, 11),
(285, 31, 10, 11),
(286, 1, 1, 12),
(287, 2, 1, 12),
(288, 3, 10, 12),
(289, 4, 10, 12),
(290, 5, 10, 12),
(291, 6, 10, 12),
(292, 7, 1, 12),
(293, 8, 10, 12),
(294, 9, 10, 12),
(295, 10, 10, 12),
(296, 11, 10, 12),
(297, 12, 10, 12),
(298, 13, 10, 12),
(299, 14, 10, 12),
(300, 15, 10, 12),
(301, 16, 10, 12),
(302, 17, 10, 12),
(303, 18, 10, 12),
(304, 19, 10, 12),
(305, 20, 10, 12),
(306, 21, 10, 12),
(307, 22, 10, 12),
(308, 23, 10, 12),
(309, 24, 10, 12),
(310, 25, 10, 12),
(311, 26, 10, 12),
(312, 27, 10, 12),
(313, 28, 10, 12),
(314, 29, 10, 12),
(315, 30, 10, 12),
(316, 31, 10, 12),
(317, 1, 1, 15),
(318, 2, 10, 15),
(319, 3, 10, 15),
(320, 4, 10, 15),
(321, 5, 10, 15),
(322, 6, 10, 15),
(323, 7, 10, 15),
(324, 8, 10, 15),
(325, 9, 10, 15),
(326, 10, 10, 15),
(327, 11, 10, 15),
(328, 12, 10, 15),
(329, 13, 10, 15),
(330, 14, 10, 15),
(331, 15, 10, 15),
(332, 16, 10, 15),
(333, 17, 10, 15),
(334, 18, 10, 15),
(335, 19, 10, 15),
(336, 20, 10, 15),
(337, 21, 10, 15),
(338, 22, 10, 15),
(339, 23, 10, 15),
(340, 24, 10, 15),
(341, 25, 10, 15),
(342, 26, 10, 15),
(343, 27, 10, 15),
(344, 28, 10, 15),
(345, 29, 10, 15),
(346, 30, 10, 15),
(347, 31, 10, 15),
(348, 32, 10, 10),
(349, 1, 7, 19),
(350, 2, 10, 19),
(351, 3, 10, 19),
(352, 4, 10, 19),
(353, 5, 10, 19),
(354, 6, 10, 19),
(355, 7, 10, 19),
(356, 8, 10, 19),
(357, 9, 10, 19),
(358, 10, 10, 19),
(359, 11, 10, 19),
(360, 12, 10, 19),
(361, 13, 10, 19),
(362, 14, 10, 19),
(363, 15, 10, 19),
(364, 16, 10, 19),
(365, 17, 10, 19),
(366, 18, 10, 19),
(367, 19, 10, 19),
(368, 20, 10, 19),
(369, 21, 10, 19),
(370, 22, 10, 19),
(371, 23, 10, 19),
(372, 24, 10, 19),
(373, 25, 10, 19),
(374, 26, 10, 19),
(375, 27, 10, 19),
(376, 28, 10, 19),
(377, 29, 10, 19),
(378, 30, 10, 19),
(379, 31, 10, 19);

-- --------------------------------------------------------

-- 
-- Структура таблицы `sotr`
-- 

CREATE TABLE `sotr` (
  `id` int(11) NOT NULL auto_increment,
  `surname` varchar(25) NOT NULL default '',
  `name` varchar(15) NOT NULL default '',
  `otch` varchar(15) NOT NULL default '',
  `dr` date NOT NULL default '0000-00-00',
  `dtel` varchar(15) NOT NULL default '',
  `mtel` varchar(15) NOT NULL default '',
  `adres` text NOT NULL,
  `dolzh` int(10) NOT NULL default '0',
  PRIMARY KEY  (`id`),
  KEY `surname` (`surname`)
) TYPE=MyISAM COMMENT='Сотрудники' AUTO_INCREMENT=13 ;

-- 
-- Дамп данных таблицы `sotr`
-- 

INSERT INTO `sotr` (`id`, `surname`, `name`, `otch`, `dr`, `dtel`, `mtel`, `adres`, `dolzh`) VALUES (1, 'Корчемный', 'Владимир', 'Маркович', '1983-11-12', '', '', '', 1),
(2, 'Черненко', 'Сергей', 'Владимирович', '0000-00-00', '', '', '', 1),
(3, 'Корчемная', 'Ольга', 'Сергеевна', '1983-10-11', '76-81-20', '8-913-288-16-21', 'Кирова 77-249', 3),
(5, 'Никитина', 'Ольга', 'Владимировна', '1970-01-01', '', '', '', 1),
(6, 'Калямина', 'Светлана', 'Николаевна', '1910-01-01', '', '', '', 3),
(7, 'Ложникова', 'Ольга', 'Вячеславовна', '1910-01-01', '', '', '', 1),
(8, 'Калашник', 'Татьяна', '', '1910-01-01', '', '', '', 7),
(9, 'Тихонова', 'Галина', 'Николаевна', '1910-01-01', '', '', '', 1),
(10, 'Валуева', 'Галина', 'Анатольевна', '1910-01-01', '', '', '', 5),
(11, 'Гордеева', 'Елена', 'Алексеевна', '1963-05-17', '', '', '', 4),
(12, 'Щербакова', 'Ольга', '', '1910-01-01', '', '', '', 4);

-- --------------------------------------------------------

-- 
-- Структура таблицы `sz`
-- 

CREATE TABLE `sz` (
  `id` int(11) NOT NULL auto_increment,
  `sz` varchar(20) NOT NULL default '',
  `obozn` varchar(5) NOT NULL default '',
  PRIMARY KEY  (`id`)
) TYPE=MyISAM COMMENT='Состоянеие зубов при осмотре' AUTO_INCREMENT=11 ;

-- 
-- Дамп данных таблицы `sz`
-- 

INSERT INTO `sz` (`id`, `sz`, `obozn`) VALUES (1, 'Кариес', 'C'),
(2, 'Пульпит', 'P'),
(3, 'Периодонтит', 'Pr'),
(4, 'Пародонтит', 'Pt'),
(5, 'Коронка', 'K'),
(6, 'Искусственный', 'И'),
(7, 'Отсутствует', 'O'),
(8, 'Не прорезался', 'н/п'),
(9, 'Пломба кариес', 'П/С'),
(10, 'Интактный', '');

-- --------------------------------------------------------

-- 
-- Структура таблицы `tech`
-- 

CREATE TABLE `tech` (
  `id` int(11) NOT NULL auto_increment,
  `nazv` varchar(150) NOT NULL default '',
  `stoim` float NOT NULL default '0',
  `date` date NOT NULL default '0000-00-00',
  `cab` int(11) NOT NULL default '0',
  PRIMARY KEY  (`id`)
) TYPE=MyISAM COMMENT='Список техники' AUTO_INCREMENT=6 ;

-- 
-- Дамп данных таблицы `tech`
-- 

INSERT INTO `tech` (`id`, `nazv`, `stoim`, `date`, `cab`) VALUES (1, 'Депофорез', 30000, '2006-10-13', 1),
(4, 'Установка стоматологическая', 150000, '2005-04-10', 1),
(5, 'Установка стоматологическая', 120000, '2005-03-21', 2);

-- --------------------------------------------------------

-- 
-- Структура таблицы `uch_mat`
-- 

CREATE TABLE `uch_mat` (
  `id` int(11) NOT NULL auto_increment,
  `mater` varchar(50) NOT NULL default '0',
  `date` date NOT NULL default '0000-00-00',
  `mol` int(11) NOT NULL default '0',
  `stoim` float NOT NULL default '0',
  PRIMARY KEY  (`id`)
) TYPE=MyISAM COMMENT='чёт выручки с материалов' AUTO_INCREMENT=8 ;

-- 
-- Дамп данных таблицы `uch_mat`
-- 

INSERT INTO `uch_mat` (`id`, `mater`, `date`, `mol`, `stoim`) VALUES (1, 'Filtek z250', '2007-04-11', 1, 10000),
(6, 'Стекловолокно', '2007-04-11', 1, 1000);

-- --------------------------------------------------------

-- 
-- Структура таблицы `uch_mat_sootv`
-- 

CREATE TABLE `uch_mat_sootv` (
  `id` int(11) NOT NULL auto_increment,
  `mater` varchar(50) NOT NULL default '0',
  `manip` int(11) NOT NULL default '0',
  PRIMARY KEY  (`id`)
) TYPE=MyISAM COMMENT='Сответсвия при учёте материалов' AUTO_INCREMENT=8 ;

-- 
-- Дамп данных таблицы `uch_mat_sootv`
-- 

INSERT INTO `uch_mat_sootv` (`id`, `mater`, `manip`) VALUES (7, 'Filtek z250', 17),
(6, 'Filtek z250', 18);

-- --------------------------------------------------------

-- 
-- Структура таблицы `users`
-- 

CREATE TABLE `users` (
  `login` varchar(30) NOT NULL default '',
  `pass` varchar(40) NOT NULL default '',
  `UsarPrava` int(11) NOT NULL default '0',
  `sotr` varchar(25) NOT NULL default '',
  PRIMARY KEY  (`login`)
) TYPE=MyISAM COMMENT='Пользователи';

-- 
-- Дамп данных таблицы `users`
-- 

INSERT INTO `users` (`login`, `pass`, `UsarPrava`, `sotr`) VALUES ('admin', '732588', 1, '1'),
('Корчемная', '454633', 11, '3'),
('kivdent', '445223', 2, '1'),
('Калашник', '454633', 6, '8'),
('директор', '', 13, '2'),
('Калямина', '454633', 4, '6'),
('Тихонова', '454633', 2, '9'),
('Ложникова', '454633', 2, '7'),
('Главный Врач', '454633', 11, '5'),
('Валуева', '454633', 7, '10'),
('никитина', '454633', 2, '5'),
('Щербакова', '1111', 5, '12'),
('Гордеева', '1111', 5, '11');

-- --------------------------------------------------------

-- 
-- Структура таблицы `usersprava`
-- 

CREATE TABLE `usersprava` (
  `id` int(11) NOT NULL auto_increment,
  `Nazv` varchar(15) NOT NULL default '',
  `alias` varchar(25) NOT NULL default '',
  PRIMARY KEY  (`id`)
) TYPE=MyISAM COMMENT='Права пользователей' AUTO_INCREMENT=14 ;

-- 
-- Дамп данных таблицы `usersprava`
-- 

INSERT INTO `usersprava` (`id`, `Nazv`, `alias`) VALUES (1, 'administrator', 'Администратор'),
(2, 'terapevt', 'Терапевт'),
(3, 'ortoped', 'Ортопед'),
(4, 'ortodont', 'Ортодонт'),
(5, 'registrator', 'Регистратор'),
(6, 'buhg', 'Бухгалтер'),
(7, 'stms', 'Старшая мс'),
(11, 'glVrach', 'Главный врач'),
(13, 'director', 'Директор');

-- --------------------------------------------------------

-- 
-- Структура таблицы `vid_mater`
-- 

CREATE TABLE `vid_mater` (
  `id` int(11) NOT NULL auto_increment,
  `date` date NOT NULL default '0000-00-00',
  `mesto_hr` int(11) NOT NULL default '0',
  `mol` int(11) NOT NULL default '0',
  PRIMARY KEY  (`id`)
) TYPE=MyISAM COMMENT='Выдача материалов' AUTO_INCREMENT=6 ;

-- 
-- Дамп данных таблицы `vid_mater`
-- 

INSERT INTO `vid_mater` (`id`, `date`, `mesto_hr`, `mol`) VALUES (2, '2007-04-09', 3, 10),
(3, '2007-04-15', 3, 10),
(4, '2007-04-15', 3, 10),
(5, '2007-04-24', 3, 10);

-- --------------------------------------------------------

-- 
-- Структура таблицы `vidprik`
-- 

CREATE TABLE `vidprik` (
  `id` int(11) NOT NULL auto_increment,
  `prik` varchar(12) NOT NULL default '0',
  PRIMARY KEY  (`id`)
) TYPE=MyISAM COMMENT='Виды прикуса' AUTO_INCREMENT=4 ;

-- 
-- Дамп данных таблицы `vidprik`
-- 

INSERT INTO `vidprik` (`id`, `prik`) VALUES (1, 'Постоянный'),
(2, 'Молочный'),
(3, 'Сменный');

-- --------------------------------------------------------

-- 
-- Структура таблицы `zh`
-- 

CREATE TABLE `zh` (
  `id` int(11) NOT NULL auto_increment,
  `zh` varchar(90) NOT NULL default '',
  PRIMARY KEY  (`id`),
  KEY `zh` (`zh`)
) TYPE=MyISAM AUTO_INCREMENT=38 ;

-- 
-- Дамп данных таблицы `zh`
-- 

INSERT INTO `zh` (`id`, `zh`) VALUES (1, 'боль'),
(2, 'от'),
(5, 'наличие кариозной полости'),
(4, 'постоянную ноющую'),
(6, 'температурных'),
(7, 'химических'),
(8, 'механичесеих'),
(10, 'Жалоб нет'),
(11, 'раздражителей'),
(12, 'застревание пищи'),
(13, 'усиливающуюся'),
(14, 'эстетический дефект'),
(15, 'на'),
(16, 'быстропроходящую'),
(17, ','),
(18, 'приступообразную'),
(19, 'самопроизвольную'),
(22, 'продолжительностью'),
(23, 'несколько'),
(21, 'ночную боль'),
(24, 'минут'),
(25, 'с'),
(26, 'длительными'),
(27, 'непродолжительными'),
(28, 'межболевыми'),
(29, 'промежутками'),
(31, 'пульсирующие'),
(32, 'горячего'),
(33, 'иррадиация'),
(34, 'в'),
(35, 'висок'),
(36, 'ухо'),
(37, 'соседние зубы');
